SYMBOL,NAME OF COMPANY, SERIES, DATE OF LISTING, PAID UP VALUE, MARKET LOT, ISIN NUMBER, FACE VALUE
20MICRONS,20 Microns Limited,EQ,06-OCT-2008,5,1,INE144J01027,5
3IINFOTECH,3i Infotech Limited,EQ,22-APR-2005,10,1,INE748C01020,10
8KMILES,8K Miles Software Services Limited,EQ,29-JAN-2014,5,1,INE650K01021,5
A2ZINFRA,A2Z INFRA ENGINEERING LIMITED,EQ,23-DEC-2010,10,1,INE619I01012,10
AARTIIND,Aarti Industries Limited,EQ,08-FEB-1995,5,1,INE769A01020,5
AARVEEDEN,Aarvee Denims & Exports Limited,EQ,21-NOV-2006,10,1,INE273D01019,10
ABAN,Aban Offshore Limited,EQ,29-MAR-1995,2,1,INE421A01028,2
ABBOTINDIA,Abbott India Limited,EQ,08-JAN-2010,10,1,INE358A01014,10
ABFRL,Aditya Birla Fashion and Retail Limited,EQ,17-JUL-2013,10,1,INE647O01011,10
ABGSHIP,ABG Shipyard Limited,BZ,11-APR-2007,10,1,INE067H01016,10
ABIRLANUVO,Aditya Birla Nuvo Limited,EQ,13-SEP-1995,10,1,INE069A01017,10
ABMINTLTD,ABM International Limited,BE,14-JUN-2016,10,1,INE251C01017,10
ACC,ACC Limited,EQ,20-NOV-1996,10,1,INE012A01025,10
ACCELYA,Accelya Kale Solutions Limited,EQ,01-DEC-1999,10,1,INE793A01012,10
ACE,Action Construction Equipment Limited,EQ,26-SEP-2006,2,1,INE731H01025,2
ADANIENT,Adani Enterprises Limited,EQ,04-JUN-1997,1,1,INE423A01024,1
ADANIPORTS,Adani Ports and Special Economic Zone Limited,EQ,27-NOV-2007,2,1,INE742F01042,2
ADANIPOWER,Adani Power Limited,EQ,20-AUG-2009,10,1,INE814H01011,10
ADANITRANS,Adani Transmission Limited,EQ,31-JUL-2015,10,1,INE931S01010,10
ADFFOODS,ADF Foods Limited,EQ,15-SEP-2010,10,1,INE982B01019,10
ADHUNIK,Adhunik Metaliks Limited,EQ,05-APR-2006,10,1,INE400H01019,10
ADHUNIKIND,Adhunik Industries Limited,EQ,01-JUL-2016,10,1,INE452L01012,10
ADLABS,Adlabs Entertainment Limited,EQ,06-APR-2015,10,1,INE172N01012,10
ADORWELD,Ador Welding Limited,EQ,10-MAY-1995,10,1,INE045A01017,10
ADSL,Allied Digital Services Limited,BE,25-JUL-2007,5,1,INE102I01027,5
ADVANIHOTR,Advani Hotels & Resorts (India) Limited,EQ,25-JUN-2007,2,1,INE199C01026,2
ADVENZYMES,Advanced Enzyme Technologies Limited,EQ,01-AUG-2016,10,1,INE837H01012,10
AEGISCHEM,Aegis Logistics Limited,EQ,03-APR-1996,1,1,INE208C01025,1
AFL,Accel Frontline Limited,EQ,30-OCT-2006,10,1,INE020G01017,10
AGARIND,Agarwal Industrial Corporation Limited,BE,26-MAY-2014,10,1,INE204E01012,10
AGCNET,AGC Networks Limited,EQ,22-JUL-2003,10,1,INE676A01019,10
AHLEAST,Asian Hotels (East) Limited,EQ,11-AUG-2010,10,1,INE926K01017,10
AHLUCONT,Ahluwalia Contracts (India) Limited,EQ,14-DEC-2009,2,1,INE758C01029,2
AHLWEST,Asian Hotels (West) Limited,EQ,05-AUG-2010,10,1,INE915K01010,10
AIAENG,AIA Engineering Limited,EQ,14-DEC-2005,2,1,INE212H01026,2
AJANTPHARM,Ajanta Pharma Limited,EQ,29-MAY-2000,2,1,INE031B01049,2
AJMERA,Ajmera Realty & Infra India Limited,EQ,16-JUN-2009,10,1,INE298G01027,10
AKSHOPTFBR,Aksh Optifibre Limited,EQ,18-AUG-2000,5,1,INE523B01011,5
AKZOINDIA,Akzo Nobel India Limited,EQ,28-JUN-2001,10,1,INE133A01011,10
ALANKIT,Alankit Limited,EQ,30-JUN-2015,1,1,INE914E01040,1
ALBK,Allahabad Bank,EQ,29-NOV-2002,10,1,INE428A01015,10
ALCHEM,Alchemist Limited,EQ,31-JUL-2007,10,1,INE964B01033,10
ALEMBICLTD,Alembic Limited,EQ,22-SEP-1999,2,1,INE426A01027,2
ALICON,Alicon Castalloy Limited,EQ,29-SEP-2006,5,1,INE062D01024,5
ALKALI,Alkali Metals Limited,EQ,06-NOV-2008,10,1,INE773I01017,10
ALKEM,Alkem Laboratories Limited,EQ,23-DEC-2015,2,1,INE540L01014,2
ALKYLAMINE,Alkyl Amines Chemicals Limited,EQ,26-NOV-2007,5,1,INE150B01021,5
ALLCARGO,Allcargo Logistics Limited,EQ,23-JUN-2006,2,1,INE418H01029,2
ALLSEC,Allsec Technologies Limited,EQ,09-MAY-2005,10,1,INE835G01018,10
ALMONDZ,Almondz Global Securities Limited,EQ,16-JUN-2008,6,1,INE326B01027,6
ALOKTEXT,Alok Industries Limited,EQ,10-APR-1996,10,1,INE270A01011,10
ALPA,Alpa Laboratories Limited,BE,06-AUG-2007,10,1,INE385I01010,10
ALPHAGEO,Alphageo (India) Limited,EQ,11-MAY-2007,10,1,INE137C01018,10
ALPSINDUS,Alps Industries Limited,EQ,24-APR-1996,10,1,INE093B01015,10
AMARAJABAT,Amara Raja Batteries Limited,EQ,05-SEP-2003,1,1,INE885A01032,1
AMBIKCO,Ambika Cotton Mills Limited,EQ,29-JAN-2008,10,1,INE540G01014,10
AMBUJACEM,Ambuja Cements Limited,EQ,18-FEB-1998,2,1,INE079A01024,2
AMDIND,AMD Industries Limited,EQ,19-MAR-2007,10,1,INE005I01014,10
AMRUTANJAN,Amrutanjan Health Care Limited,EQ,02-JAN-2015,2,1,INE098F01023,2
AMTEKAUTO,Amtek Auto Limited,EQ,02-MAR-2005,2,1,INE130C01021,2
ANANTRAJ,Anant Raj Limited,EQ,27-SEP-2006,2,1,INE242C01024,2
ANDHRABANK,Andhra Bank,EQ,04-APR-2001,10,1,INE434A01013,10
ANDHRACEMT,Andhra Cements Limited,BE,08-NOV-2010,10,1,INE666E01012,10
ANDHRSUGAR,The Andhra Sugars Limited,EQ,01-NOV-1995,10,1,INE715B01013,10
ANGIND,ANG Industries Limited,EQ,12-FEB-2007,10,1,INE017D01010,10
ANIKINDS,Anik Industries Limited,BE,21-MAY-2008,10,1,INE087B01017,10
ANKITMETAL,Ankit Metal & Power Limited,EQ,14-MAR-2013,10,1,INE106I01010,10
ANSALAPI,Ansal Properties & Infrastructure Limited,EQ,27-JAN-2006,5,1,INE436A01026,5
ANSALHSG,Ansal Housing and Construction Limited,EQ,06-OCT-2006,10,1,INE880B01015,10
ANTGRAPHIC,Antarctica Limited,BE,14-JUN-2000,1,1,INE414B01021,1
APARINDS,Apar Industries Limited,EQ,12-JUL-2004,10,1,INE372A01015,10
APCOTEXIND,Apcotex Industries Limited,EQ,06-SEP-1995,5,1,INE116A01024,5
APLAPOLLO,APL Apollo Tubes Limited,EQ,14-DEC-2011,10,1,INE702C01019,10
APLLTD,Alembic Pharmaceuticals Limited,EQ,20-SEP-2011,2,1,INE901L01018,2
APOLLOHOSP,Apollo Hospitals Enterprise Limited,EQ,10-JAN-1996,5,1,INE437A01024,5
APOLLOTYRE,Apollo Tyres Limited,EQ,31-MAY-1995,1,1,INE438A01022,1
APTECHT,Aptech Limited,EQ,27-SEP-2002,10,1,INE266F01018,10
ARCHIDPLY,Archidply Industries Limited,EQ,04-JUL-2008,10,1,INE877I01016,10
ARCHIES,Archies Limited,EQ,02-SEP-1998,2,1,INE731A01020,2
ARCOTECH,Arcotech Limited,EQ,16-APR-2014,10,1,INE574I01027,10
ARIES,Aries Agro Limited,EQ,11-JAN-2008,10,1,INE298I01015,10
ARIHANT,Arihant Foundations & Housing Limited,BE,26-DEC-2006,10,1,INE413D01011,10
ARMANFIN,Arman Financial Services Limited,EQ,14-JUN-2016,10,1,INE109C01017,10
AROGRANITE,Aro Granite Industries Limited,EQ,24-APR-2007,10,1,INE210C01013,10
ARROWGREEN,Arrow Greentech Limited,EQ,21-MAY-2015,10,1,INE570D01018,10
ARROWTEX,Arrow Textiles Limited,EQ,11-MAY-2009,10,1,INE933J01015,10
ARSHIYA,Arshiya Limited,BE,14-DEC-2009,2,1,INE968D01022,2
ARSSINFRA,ARSS Infrastructure Projects Limited,EQ,03-MAR-2010,10,1,INE267I01010,10
ARVIND,Arvind Limited,EQ,08-FEB-1995,10,1,INE034A01011,10
ARVSMART,Arvind SmartSpaces Limited,EQ,26-AUG-2015,10,1,INE034S01021,10
ASAHIINDIA,Asahi India Glass Limited,EQ,18-MAR-1998,1,1,INE439A01020,1
ASAHISONG,Asahi Songwon Colors Limited,EQ,29-AUG-2011,10,1,INE228I01012,10
ASAL,Automotive Stampings and Assemblies Limited,EQ,12-MAR-2002,10,1,INE900C01027,10
ASHAPURMIN,Ashapura Minechem Limited,EQ,20-SEP-1995,2,1,INE348A01023,2
ASHIANA,Ashiana Housing Limited,EQ,29-JUN-2011,2,1,INE365D01021,2
ASHIMASYN,Ashima Limited,EQ,27-JUL-1995,10,1,INE440A01010,10
ASIANHOTNR,Asian Hotels (North) Limited,EQ,07-APR-2010,10,1,INE363A01022,10
ASIANPAINT,Asian Paints Limited,EQ,31-MAY-1995,1,1,INE021A01026,1
ASIANTILES,Asian Granito India Limited,EQ,23-AUG-2007,10,1,INE022I01019,10
ASIL,Amit Spinning Industries Limited,BE,17-OCT-2005,5,1,INE988A01026,5
ASPINWALL,Aspinwall and Company Limited,BE,14-JUN-2016,10,1,INE991I01015,10
ASSAMCO,Assam Company India Limited,EQ,29-SEP-2006,1,1,INE442A01024,1
ASTEC,Astec LifeSciences Limited,EQ,25-NOV-2009,10,1,INE563J01010,10
ASTRAL,Astral Poly Technik Limited,EQ,20-MAR-2007,1,1,INE006I01046,1
ASTRAMICRO,Astra Microwave Products Limited,EQ,01-NOV-2004,2,1,INE386C01029,2
ASTRAZEN,AstraZeneca Pharma India Limited,EQ,04-MAY-2001,2,1,INE203A01020,2
ATLANTA,Atlanta  Limited,EQ,25-SEP-2006,2,1,INE285H01022,2
ATLASCYCLE,Atlas Cycles (Haryana) Limited,BE,26-APR-2000,10,1,INE446A01017,10
ATNINTER,ATN International Limited,BE,01-SEP-2006,4,1,INE803A01027,4
ATUL,Atul Limited,EQ,06-MAY-1998,10,1,INE100A01010,10
ATULAUTO,Atul Auto Limited,EQ,26-JUN-2013,5,1,INE951D01028,5
AURIONPRO,Aurionpro Solutions Limited,EQ,25-OCT-2005,10,1,INE132H01018,10
AUROPHARMA,Aurobindo Pharma Limited,EQ,19-JUL-2000,1,1,INE406A01037,1
AUSOMENT,Ausom Enterprise Limited,EQ,17-APR-1996,10,1,INE218C01016,10
AUTOAXLES,Automotive Axles Limited,EQ,29-MAY-2003,10,1,INE449A01011,10
AUTOIND,Autoline Industries Limited,EQ,31-JAN-2007,10,1,INE718H01014,10
AUTOLITIND,Autolite (India) Limited,EQ,31-MAY-1995,10,1,INE448A01013,10
AXISBANK,Axis Bank Limited,EQ,16-NOV-1998,2,1,INE238A01034,2
AXISCADES,AXISCADES Engineering Technologies Limited,EQ,21-DEC-2000,5,1,INE555B01013,5
AYMSYNTEX,AYM Syntex Limited,EQ,14-AUG-2015,10,1,INE193B01039,10
BAFNAPHARM,Bafna Pharmaceuticals Limited,EQ,12-NOV-2012,10,1,INE878I01014,10
BAGFILMS,B.A.G Films and Media Limited,EQ,17-OCT-2003,2,1,INE116D01028,2
BAJAJ-AUTO,Bajaj Auto Limited,EQ,26-MAY-2008,10,1,INE917I01010,10
BAJAJCORP,Bajaj Corp Limited,EQ,18-AUG-2010,1,1,INE933K01021,1
BAJAJELEC,Bajaj Electricals Limited,EQ,02-NOV-2007,2,1,INE193E01025,2
BAJAJFINSV,Bajaj Finserv Limited,EQ,26-MAY-2008,5,1,INE918I01018,5
BAJAJHIND,Bajaj Hindusthan Sugar Limited,EQ,10-MAY-1995,1,1,INE306A01021,1
BAJFINANCE,Bajaj Finance Limited,EQ,01-APR-2003,2,1,INE296A01024,2
BALAJITELE,Balaji Telefilms Limited,EQ,22-NOV-2000,2,1,INE794B01026,2
BALAMINES,Balaji Amines Limited,EQ,05-APR-2007,2,1,INE050E01027,2
BALKRISIND,Balkrishna Industries Limited,EQ,27-JAN-2006,2,1,INE787D01026,2
BALMLAWRIE,Balmer Lawrie & Company Limited,EQ,06-JUL-1995,10,1,INE164A01016,10
BALPHARMA,Bal Pharma Limited,EQ,08-MAY-2006,10,1,INE083D01012,10
BANARBEADS,Banaras Beads Limited,BE,31-JAN-2001,10,1,INE655B01011,10
BANARISUG,Bannari Amman Sugars Limited,EQ,28-MAY-2003,10,1,INE459A01010,10
BANCOINDIA,Banco Products (I) Limited,EQ,22-DEC-2006,2,1,INE213C01025,2
BANG,Bang Overseas Limited,BE,20-FEB-2008,10,1,INE863I01016,10
BANKBARODA,Bank of Baroda,EQ,19-FEB-1997,2,1,INE028A01039,2
BANSWRAS,Banswara Syntex Limited,EQ,11-APR-2007,10,1,INE629D01012,10
BARTRONICS,Bartronics India Limited,EQ,12-JAN-2006,10,1,INE855F01034,10
BASML,Bannari Amman Spinning Mills Limited,EQ,14-NOV-2005,10,1,INE186H01014,10
BATAINDIA,Bata India Limited,EQ,18-JUN-2003,5,1,INE176A01028,5
BAYERCROP,Bayer Cropscience Limited,EQ,08-JAN-2010,10,1,INE462A01022,10
BBL,Bharat Bijlee Limited,EQ,21-NOV-2006,10,1,INE464A01028,10
BBTC,Bombay Burmah Trading Corporation Limited,EQ,03-APR-1996,2,1,INE050A01025,2
BEARDSELL,Beardsell Limited,BE,13-JAN-2015,10,1,INE520H01014,10
BEDMUTHA,Bedmutha Industries Limited,EQ,14-OCT-2010,10,1,INE844K01012,10
BEL,Bharat Electronics Limited,EQ,19-JUL-2000,1,1,INE263A01024,1
BEML,BEML Limited,EQ,05-NOV-2003,10,1,INE258A01016,10
BEPL,Bhansali Engineering Polymers Limited,EQ,21-MAR-2005,1,1,INE922A01025,1
BERGEPAINT,Berger Paints (I) Limited,EQ,24-NOV-1999,1,1,INE463A01038,1
BFUTILITIE,BF Utilities Limited,EQ,03-MAY-2007,5,1,INE243D01012,5
BGRENERGY,BGR Energy Systems Limited,EQ,03-JAN-2008,10,1,INE661I01014,10
BHARATFIN,Bharat Financial Inclusion Limited,EQ,16-AUG-2010,10,1,INE180K01011,10
BHARATFORG,Bharat Forge Limited,EQ,04-APR-2003,2,1,INE465A01025,2
BHARATGEAR,Bharat Gears Limited,EQ,03-APR-1996,10,1,INE561C01019,10
BHARATIDIL,Bharati Defence and Infrastructure Limited,EQ,30-DEC-2004,10,1,INE673G01013,10
BHARATRAS,Bharat Rasayan Limited,EQ,11-OCT-1995,10,1,INE838B01013,10
BHARTIARTL,Bharti Airtel Limited,EQ,15-FEB-2002,5,1,INE397D01024,5
BHEL,Bharat Heavy Electricals Limited,EQ,11-NOV-2003,2,1,INE257A01026,2
BHUSANSTL,Bhushan Steel Limited,EQ,21-NOV-2003,2,1,INE824B01021,2
BIGBLOC,Bigbloc Construction Limited,EQ,02-SEP-2016,10,1,INE412U01017,10
BIL,Bhartiya International Limited,EQ,12-APR-2000,10,1,INE828A01016,10
BILENERGY,Bil Energy Systems Limited,EQ,15-FEB-2011,1,1,INE607L01029,1
BILPOWER,Bilpower  Limited,EQ,29-JAN-2007,10,1,INE952D01018,10
BINANIIND,Binani Industries Limited,EQ,27-SEP-2006,10,1,INE071A01013,10
BINDALAGRO,Oswal Chemicals & Fertilizers Limited,EQ,28-AUG-1996,10,1,INE143A01010,10
BIOCON,Biocon Limited,EQ,07-APR-2004,5,1,INE376G01013,5
BIRLACORPN,Birla Corporation Limited,EQ,12-APR-1995,10,1,INE340A01012,10
BLBLIMITED,BLB Limited,BE,31-MAY-2000,1,1,INE791A01024,1
BLISSGVS,Bliss GVS Pharma Limited,EQ,26-JUL-2010,1,1,INE416D01022,1
BLKASHYAP,B. L. Kashyap and Sons Limited,EQ,17-MAR-2006,1,1,INE350H01032,1
BLS,BLS International Services Limited,EQ,14-JUN-2016,10,1,INE153T01019,10
BLUEDART,Blue Dart Express Limited,EQ,12-DEC-2002,10,1,INE233B01017,10
BLUESTARCO,Blue Star Limited,EQ,15-JUN-2000,2,1,INE472A01039,2
BOMDYEING,Bombay Dyeing & Mfg Company Limited,EQ,26-APR-1995,2,1,INE032A01023,2
BOSCHLTD,Bosch Limited,EQ,12-MAY-2003,10,1,INE323A01026,10
BPCL,Bharat Petroleum Corporation Limited,EQ,13-SEP-1995,10,1,INE029A01011,10
BPL,BPL Limited,EQ,14-JUN-1995,10,1,INE110A01019,10
BRFL,Bombay Rayon Fashions Limited,EQ,05-DEC-2005,10,1,INE589G01011,10
BRIGADE,Brigade Enterprises Limited,EQ,31-DEC-2007,10,1,INE791I01019,10
BRITANNIA,Britannia Industries Limited,EQ,05-NOV-1998,2,1,INE216A01022,2
BROOKS,Brooks Laboratories Limited,EQ,05-SEP-2011,10,1,INE650L01011,10
BSELINFRA,BSEL Infrastructure Realty Limited,EQ,07-FEB-2001,10,1,INE395A01016,10
BSL,BSL Limited,EQ,27-JUL-1995,10,1,INE594B01012,10
CADILAHC,Cadila Healthcare Limited,EQ,18-APR-2000,1,1,INE010B01027,1
CANBK,Canara Bank,EQ,23-DEC-2002,10,1,INE476A01014,10
CANDC,C & C Constructions Limited,BE,26-FEB-2007,10,1,INE874H01015,10
CANFINHOME,Can Fin Homes Limited,EQ,10-MAY-1995,10,1,INE477A01012,10
CANTABIL,Cantabil Retail India Limited,EQ,12-OCT-2010,10,1,INE068L01016,10
CAPF,Capital First Limited,EQ,01-FEB-2008,10,1,INE688I01017,10
CARBORUNIV,Carborundum Universal Limited,EQ,03-APR-1996,1,1,INE120A01034,1
CAREERP,Career Point Limited,EQ,06-OCT-2010,10,1,INE521J01018,10
CARERATING,Credit Analysis And Research Limited,EQ,26-DEC-2012,10,1,INE752H01013,10
CASTEXTECH,Castex Technologies Limited,EQ,27-JUN-2005,2,1,INE068D01021,2
CASTROLIND,Castrol India Limited,EQ,14-MAR-2014,5,1,INE172A01027,5
CCCL,Consolidated Construction Consortium Limited,EQ,15-OCT-2007,2,1,INE429I01024,2
CCHHL,Country Club Hospitality & Holidays Limited,EQ,03-FEB-2015,2,1,INE652F01027,2
CCL,CCL Products (India) Limited,EQ,07-JUN-2004,2,1,INE421D01022,2
CEATLTD,CEAT Limited,EQ,01-FEB-2008,10,1,INE482A01020,10
CEBBCO,Commercial Engineers & Body Builders Co Limited,EQ,18-OCT-2010,10,1,INE209L01016,10
CELEBRITY,Celebrity Fashions Limited,EQ,12-JAN-2006,10,1,INE185H01016,10
CELESTIAL,Celestial Biolabs Limited,EQ,17-JUL-2007,10,1,INE221I01017,10
CENTENKA,Century Enka Limited,EQ,10-MAY-1995,10,1,INE485A01015,10
CENTEXT,Century Extrusions Limited,EQ,20-JUL-2004,1,1,INE281A01026,1
CENTRALBK,Central Bank of India,EQ,21-AUG-2007,10,1,INE483A01010,10
CENTUM,Centum Electronics Limited,EQ,05-OCT-2007,10,1,INE320B01020,10
CENTURYPLY,Century Plyboards (India) Limited,EQ,23-MAR-2006,1,1,INE348B01021,1
CENTURYTEX,Century Textiles & Industries Limited,EQ,27-JUN-2003,10,1,INE055A01016,10
CERA,Cera Sanitaryware Limited,EQ,02-NOV-2007,5,1,INE739E01017,5
CEREBRAINT,Cerebra Integrated Technologies Limited,EQ,26-JUN-2013,10,1,INE345B01019,10
CESC,CESC Limited,EQ,08-FEB-1995,10,1,INE486A01013,10
CGCL,Capri Global Capital Limited,EQ,29-OCT-2010,2,1,INE180C01026,2
CGPOWER,CG Power and Industrial Solutions Limited,EQ,01-MAR-1995,2,1,INE067A01029,2
CHAMBLFERT,Chambal Fertilizers & Chemicals Limited,EQ,14-JUN-1995,10,1,INE085A01013,10
CHEMFALKAL,Chemfab Alkalis Limited,EQ,18-MAY-2006,5,1,INE479E01028,5
CHOLAFIN,Cholamandalam Investment and Finance Company Limited,EQ,15-MAY-1996,10,1,INE121A01016,10
CHROMATIC,Chromatic India Limited,EQ,29-MAY-2012,10,1,INE662C01015,10
CIMMCO,Cimmco Limited,BE,08-SEP-2011,10,1,INE184C01028,10
CINELINE,Cineline India Limited,EQ,13-JUN-2012,5,1,INE704H01022,5
CINEVISTA,Cinevista Limited,BE,03-MAY-2000,2,1,INE039B01026,2
CIPLA,Cipla Limited,EQ,08-FEB-1995,2,1,INE059A01026,2
CLNINDIA,Clariant Chemicals (India) Limited,EQ,14-JUN-1995,10,1,INE492A01029,10
CNOVAPETRO,CIL Nova Petrochemicals Limited,EQ,01-JAN-2014,10,1,INE672K01025,10
COALINDIA,Coal India Limited,EQ,04-NOV-2010,10,1,INE522F01014,10
COFFEEDAY,Coffee Day Enterprises Limited,EQ,02-NOV-2015,10,1,INE335K01011,10
COLPAL,Colgate Palmolive (India) Limited,EQ,17-DEC-2007,1,1,INE259A01022,1
COMPUSOFT,Compucom Software Limited,EQ,02-MAR-2012,2,1,INE453B01029,2
CONCOR,Container Corporation of India Limited,EQ,07-MAY-1997,10,1,INE111A01017,10
CONSOFINVT,Consolidated Finvest & Holdings Limited,EQ,29-MAR-2005,10,1,INE025A01027,10
CONTROLPR,Control Print Limited,EQ,24-JUN-2016,10,1,INE663B01015,10
CORDSCABLE,Cords Cable Industries Limited,EQ,13-FEB-2008,10,1,INE792I01017,10
COROMANDEL,Coromandel International Limited,EQ,31-MAY-1995,1,1,INE169A01031,1
CORPBANK,Corporation Bank,EQ,01-DEC-1997,2,1,INE112A01023,2
COSMOFILMS,Cosmo Films Limited,EQ,25-MAY-1995,10,1,INE757A01017,10
COUNCODOS,Country Condo's Limited,EQ,22-JAN-2009,1,1,INE695B01025,1
CREATIVEYE,Creative Eye Limited,EQ,20-DEC-2000,5,1,INE230B01021,5
CREST,Crest Ventures Limited,BE,27-DEC-2006,10,1,INE559D01011,10
CRISIL,CRISIL Limited,EQ,28-JUN-1995,1,1,INE007A01025,1
CROMPTON,Crompton Greaves Consumer Electricals Limited,EQ,13-MAY-2016,2,1,INE299U01018,2
CTE,Cambridge Technology Enterprises Limited,EQ,07-FEB-2007,10,1,INE627H01017,10
CUB,City Union Bank Limited,EQ,25-AUG-1998,1,1,INE491A01021,1
CUBEXTUB,Cubex Tubings Limited,BE,11-APR-2001,10,1,INE144D01012,10
CUMMINSIND,Cummins India Limited,EQ,29-MAR-1995,2,1,INE298A01020,2
CUPID,Cupid Limited,EQ,16-SEP-2016,10,1,INE509F01011,10
CURATECH,Cura Technologies Limited,EQ,30-MAY-2000,10,1,INE117B01012,10
CYBERMEDIA,Cyber Media (India) Limited,EQ,10-JUN-2005,10,1,INE278G01037,10
CYBERTECH,Cybertech Systems And Software Limited,EQ,27-JAN-1999,10,1,INE214A01019,10
CYIENT,Cyient Limited,EQ,30-SEP-1998,5,1,INE136B01020,5
DAAWAT,LT Foods Limited,EQ,18-DEC-2006,1,1,INE818H01020,1
DALMIABHA,Dalmia Bharat Limited,EQ,27-JAN-2011,2,1,INE439L01019,2
DALMIASUG,Dalmia Bharat Sugar and Industries Limited,EQ,17-JAN-1996,2,1,INE495A01022,2
DATAMATICS,Datamatics Global Services Limited,EQ,07-MAY-2004,5,1,INE365B01017,5
DBCORP,D.B.Corp Limited,EQ,06-JAN-2010,10,1,INE950I01011,10
DBL,Dilip Buildcon Limited,EQ,11-AUG-2016,10,1,INE917M01012,10
DBREALTY,D B Realty Limited,EQ,24-FEB-2010,10,1,INE879I01012,10
DCBBANK,DCB BANK LIMITED,EQ,27-OCT-2006,10,1,INE503A01015,10
DCM,DCM  Limited,EQ,29-MAR-1995,10,1,INE498A01018,10
DCMSHRIRAM,DCM Shriram Limited,EQ,12-APR-1995,2,1,INE499A01024,2
DCW,DCW Limited,EQ,25-MAY-1995,2,1,INE500A01029,2
DECCANCE,Deccan Cements Limited,EQ,02-AUG-2007,10,1,INE583C01013,10
DEEPAKFERT,Deepak Fertilizers and Petrochemicals Corporation Limited,EQ,17-JAN-2003,10,1,INE501A01019,10
DELTACORP,Delta Corp Limited,EQ,02-NOV-2007,1,1,INE124G01033,1
DELTAMAGNT,Delta Magnets Limited,EQ,18-OCT-1995,10,1,INE393A01011,10
DEN,Den Networks Limited,EQ,24-NOV-2009,10,1,INE947J01015,10
DENABANK,Dena Bank,EQ,15-JAN-1997,10,1,INE077A01010,10
DENORA,De Nora India Limited,EQ,07-AUG-1997,10,1,INE244A01016,10
DHAMPURSUG,Dhampur Sugar Mills Limited,EQ,29-MAR-1995,10,1,INE041A01016,10
DHANBANK,Dhanlaxmi Bank Limited,EQ,01-APR-2004,10,1,INE680A01011,10
DHANUKA,Dhanuka Agritech Limited,EQ,29-JUN-2011,2,1,INE435G01025,2
DHARSUGAR,Dharani Sugars & Chemicals Limited,EQ,22-MAY-1996,10,1,INE988C01014,10
DHFL,Dewan Housing Finance Corporation Limited,EQ,01-OCT-2002,10,1,INE202B01012,10
DHUNINV,Dhunseri Investments Limited,EQ,18-MAR-2011,10,1,INE320L01011,10
DIAPOWER,Diamond Power Infra Ltd,EQ,29-SEP-2010,10,1,INE989C01012,10
DICIND,DIC India Limited,EQ,30-AUG-1995,10,1,INE303A01010,10
DISHMAN,Dishman Pharmaceuticals and Chemicals Limited,EQ,22-APR-2004,2,1,INE353G01020,2
DISHTV,Dish TV India Limited,EQ,18-APR-2007,1,1,INE836F01026,1
DIVISLAB,Divi's Laboratories Limited,EQ,12-MAR-2003,2,1,INE361B01024,2
DLF,DLF Limited,EQ,05-JUL-2007,2,1,INE271C01023,2
DLINKINDIA,D-Link (India) Limited,EQ,18-DEC-2009,2,1,INE250K01012,2
DMART,Avenue Supermarts Limited,EQ,21-MAR-2017,10,1,INE192R01011,10
DOLPHINOFF,Dolphin Offshore Enterprises (India) Limited,EQ,06-OCT-2006,10,1,INE920A01011,10
DONEAR,Donear Industries Limited,EQ,20-DEC-2006,2,1,INE668D01028,2
DPL,Dhunseri Petrochem Limited,EQ,11-JAN-2008,10,1,INE477B01010,10
DQE,DQ Entertainment (International) Limited,EQ,20-JUN-2011,10,1,INE656K01010,10
DREDGECORP,Dredging Corporation of India Limited,EQ,15-JAN-2004,10,1,INE506A01018,10
DRREDDY,Dr. Reddy's Laboratories Limited,EQ,30-MAY-2003,5,1,INE089A01023,5
DSSL,Dynacons Systems & Solutions Limited,EQ,01-DEC-2011,10,1,INE417B01040,10
DUCON,Ducon Infratechnologies Limited,EQ,09-OCT-2012,1,1,INE741L01018,1
DWARKESH,Dwarikesh Sugar Industries Limited,EQ,31-DEC-2004,10,1,INE366A01033,10
DYNAMATECH,Dynamatic Technologies Limited,EQ,14-SEP-2006,10,1,INE221B01012,10
EASUNREYRL,Easun Reyrolle Limited,BE,08-NOV-2000,2,1,INE268C01029,2
ECEIND,ECE Industries Limited,EQ,24-SEP-2007,10,1,INE588B01014,10
ECLERX,eClerx Services Limited,EQ,31-DEC-2007,10,1,INE738I01010,10
EDELWEISS,Edelweiss Financial Services Limited,EQ,12-DEC-2007,1,1,INE532F01054,1
EDUCOMP,Educomp Solutions Limited,EQ,13-JAN-2006,2,1,INE216H01027,2
EICHERMOT,Eicher Motors Limited,EQ,07-SEP-2004,10,1,INE066A01013,10
EIDPARRY,EID Parry India Limited,EQ,10-MAY-1995,1,1,INE126A01031,1
EIHAHOTELS,EIH Associated Hotels Limited,EQ,08-APR-2008,10,1,INE276C01014,10
EIHOTEL,EIH Limited,EQ,08-FEB-1995,2,1,INE230A01023,2
EIMCOELECO,Eimco Elecon (India) Limited,BE,19-APR-2000,10,1,INE158B01016,10
EKC,Everest Kanto Cylinder Limited,EQ,15-DEC-2005,2,1,INE184H01027,2
ELAND,E-Land Apparel Limited,EQ,09-MAR-2007,10,1,INE311H01018,10
ELECON,Elecon Engineering Company Limited,EQ,29-SEP-2006,2,1,INE205B01023,2
ELECTCAST,Electrosteel Castings Limited,EQ,20-JUN-2003,1,1,INE086A01029,1
ELECTHERM,Electrotherm (India) Limited,EQ,20-AUG-2007,10,1,INE822G01016,10
ELGIEQUIP,Elgi Equipments Limited,EQ,22-NOV-1995,1,1,INE285A01027,1
ELGIRUBCO,Elgi Rubber Company Limited,EQ,10-AUG-2011,1,1,INE819L01012,1
EMAMIINFRA,Emami Infrastructure Limited,EQ,28-JUL-2010,2,1,INE778K01012,2
EMAMILTD,Emami Limited,EQ,03-AUG-2006,1,1,INE548C01032,1
EMCO,Emco Limited,EQ,15-DEC-2005,2,1,INE078A01026,2
EMKAY,Emkay Global Financial Services Limited,EQ,28-APR-2006,10,1,INE296H01011,10
EMMBI,Emmbi Industries Limited,EQ,24-FEB-2010,10,1,INE753K01015,10
ENDURANCE,Endurance Technologies Limited,EQ,19-OCT-2016,10,1,INE913H01037,10
ENERGYDEV,Energy Development Company Limited,EQ,02-NOV-2007,10,1,INE306C01019,10
ENGINERSIN,Engineers India Limited,EQ,20-AUG-1997,5,1,INE510A01028,5
ENIL,Entertainment Network (India) Limited,EQ,15-FEB-2006,10,1,INE265F01028,10
EON,Eon Electric Limited,EQ,07-JUN-2012,5,1,INE076H01025,5
EQUITAS,Equitas Holdings Limited,EQ,21-APR-2016,10,1,INE988K01017,10
EQUITAS,Equitas Holdings Limited,IL,21-APR-2016,10,1,INE988K01017,10
EROSMEDIA,Eros International Media Limited,EQ,06-OCT-2010,10,1,INE416L01017,10
ESABINDIA,Esab India Limited,EQ,01-NOV-1995,10,1,INE284A01012,10
ESCORTS,Escorts Limited,EQ,01-MAR-1995,10,1,INE042A01014,10
ESL,Electrosteel Steels Limited,EQ,08-OCT-2010,10,1,INE481K01013,10
ESSARSHPNG,Essar Shipping Limited,EQ,15-NOV-2011,10,1,INE122M01019,10
ESSDEE,Ess Dee Aluminium Limited,EQ,28-DEC-2006,10,1,INE825H01017,10
ESSELPACK,Essel Propack Limited,EQ,11-FEB-2002,2,1,INE255A01020,2
ESTER,Ester Industries Limited,EQ,20-JUN-2011,5,1,INE778B01029,5
EUROCERA,Euro Ceramics Limited,EQ,09-MAR-2007,10,1,INE649H01011,10
EUROMULTI,Euro Multivision Limited,BE,15-OCT-2009,10,1,INE063J01011,10
EUROTEXIND,Eurotex Industries and Exports Limited,EQ,31-JAN-1996,10,1,INE022C01012,10
EVERESTIND,Everest Industries Limited,EQ,29-MAR-1995,10,1,INE295A01018,10
EXCEL,Excel Realty N Infra Limited,EQ,03-AUG-2009,10,1,INE688J01015,10
EXCELCROP,Excel Crop Care Limited,EQ,16-JUN-2004,5,1,INE223G01017,5
EXIDEIND,Exide Industries Limited,EQ,17-JUN-2003,1,1,INE302A01020,1
FACT,Fertilizers and Chemicals Travancore Limited,EQ,12-APR-1995,10,1,INE188A01015,10
FAGBEARING,FAG Bearings India Limited,EQ,29-NOV-2000,10,1,INE513A01014,10
FAIRCHEM,Fairchem Speciality Limited,EQ,08-MAY-2015,10,1,INE959A01019,10
FCL,Fineotex Chemical Limited,EQ,15-JAN-2015,2,1,INE045J01026,2
FCONSUMER,FUTURE CONSUMER LIMITED,EQ,04-JUL-2013,6,1,INE220J01025,6
FCSSOFT,FCS Software Solutions Limited,BE,21-SEP-2005,1,1,INE512B01022,1
FDC,FDC Limited,EQ,07-AUG-1997,1,1,INE258B01022,1
FEDDERLOYD,Fedders Lloyd Corporation Limited,EQ,15-SEP-2005,10,1,INE249C01011,10
FEDERALBNK,The Federal Bank  Limited,EQ,08-FEB-1995,2,1,INE171A01029,2
FEL,FUTURE ENTERPRISES LIMITED,EQ,05-NOV-2001,2,1,INE623B01027,2
FELDVR,Future Enterprises Limited,EQ,13-FEB-2009,2,1,IN9623B01058,2
FIEMIND,Fiem Industries Limited,EQ,19-OCT-2006,10,1,INE737H01014,10
FILATEX,Filatex India Limited,EQ,29-AUG-2011,10,1,INE816B01019,10
FINCABLES,Finolex Cables Limited,EQ,15-FEB-1995,2,1,INE235A01022,2
FINPIPE,Finolex Industries Limited,EQ,08-FEB-1995,10,1,INE183A01016,10
FLEXITUFF,Flexituff International Limited,EQ,19-OCT-2011,10,1,INE060J01017,10
FLFL,Future Lifestyle Fashions Limited,EQ,01-OCT-2013,2,1,INE452O01016,2
FMGOETZE,Federal-Mogul Goetze (India) Limited.,EQ,08-FEB-1995,10,1,INE529A01010,10
FMNL,Future Market Networks Limited,EQ,31-DEC-2010,10,1,INE360L01017,10
FORTIS,Fortis Healthcare Limited,EQ,09-MAY-2007,10,1,INE061F01013,10
FOSECOIND,Foseco India Limited,EQ,05-MAY-2003,10,1,INE519A01011,10
GABRIEL,Gabriel India Limited,EQ,20-APR-2005,1,1,INE524A01029,1
GAIL,GAIL (India) Limited,EQ,02-APR-1997,10,1,INE129A01019,10
GAL,Gyscoal Alloys Limited,EQ,27-OCT-2010,1,1,INE482J01021,1
GALLANTT,Gallantt Metal Limited,EQ,04-APR-2006,10,1,INE297H01019,10
GALLISPAT,Gallantt Ispat Limited,EQ,11-OCT-2010,10,1,INE528K01011,10
GAMMNINFRA,Gammon Infrastructure Projects Limited,EQ,03-APR-2008,2,1,INE181G01025,2
GAMMONIND,Gammon India Limited,EQ,16-OCT-1996,2,1,INE259B01020,2
GANDHITUBE,Gandhi Special Tubes Limited,EQ,31-JAN-2007,5,1,INE524B01027,5
GANECOS,Ganesha Ecosphere Limited,EQ,09-MAR-2015,10,1,INE845D01014,10
GANESHHOUC,Ganesh Housing Corporation Limited,EQ,02-MAR-2007,10,1,INE460C01014,10
GARDENSILK,Garden Silk Mills Limited,EQ,01-APR-2003,10,1,INE526A01016,10
GARWALLROP,Garware  Wall Ropes Limited,EQ,03-APR-2007,10,1,INE276A01018,10
GAYAPROJ,Gayatri Projects Limited,EQ,22-AUG-2011,2,1,INE336H01023,2
GEECEE,GeeCee Ventures Limited,EQ,04-OCT-2006,10,1,INE916G01016,10
GEMINI,Gemini Communication Limited,EQ,18-JAN-2007,1,1,INE878C01033,1
GENUSPAPER,Genus Paper & Boards Limited,EQ,16-FEB-2015,1,1,INE949P01018,1
GENUSPOWER,Genus Power Infrastructures Limited,EQ,08-JUL-2005,1,1,INE955D01029,1
GEPIL,GE Power India Limited,EQ,19-APR-2000,10,1,INE878A01011,10
GESHIP,The Great Eastern Shipping Company Limited,EQ,27-NOV-2006,10,1,INE017A01032,10
GHCL,GHCL Limited,EQ,31-JUL-2003,10,1,INE539A01019,10
GICHSGFIN,GIC Housing Finance Limited,EQ,08-MAY-1996,10,1,INE289B01019,10
GILLETTE,Gillette India Limited,EQ,30-JUL-2003,10,1,INE322A01010,10
GINNIFILA,Ginni Filaments Limited,EQ,10-MAY-1995,10,1,INE424C01010,10
GIPCL,Gujarat Industries Power Company Limited,EQ,08-FEB-1995,10,1,INE162A01010,10
GKWLIMITED,GKW Limited,EQ,20-JUL-2009,10,1,INE528A01020,10
GLENMARK,Glenmark Pharmaceuticals Limited,EQ,07-FEB-2000,1,1,INE935A01035,1
GLOBALVECT,Global Vectra Helicorp Limited,EQ,27-OCT-2006,10,1,INE792H01019,10
GLOBOFFS,Global Offshore Services Limited,EQ,03-MAY-2007,10,1,INE446C01013,10
GMDCLTD,Gujarat Mineral Development Corporation Limited,EQ,17-DEC-1997,2,1,INE131A01031,2
GMRINFRA,GMR Infrastructure Limited,EQ,21-AUG-2006,1,1,INE776C01039,1
GNA,GNA Axles Limited,EQ,26-SEP-2016,10,1,INE934S01014,10
GNFC,Gujarat Narmada Valley Fertilizers and Chemicals Limited,EQ,17-MAY-1995,10,1,INE113A01013,10
GOACARBON,Goa Carbon Limited,EQ,05-JUN-2007,10,1,INE426D01013,10
GODFRYPHLP,Godfrey Phillips India Limited,EQ,24-JUL-1996,2,1,INE260B01028,2
GODREJCP,Godrej Consumer Products Limited,EQ,20-JUN-2001,1,1,INE102D01028,1
GODREJIND,Godrej Industries Limited,EQ,25-FEB-2003,1,1,INE233A01035,1
GODREJPROP,Godrej Properties Limited,EQ,05-JAN-2010,5,1,INE484J01027,5
GOENKA,Goenka Diamond and Jewels Limited,BZ,16-APR-2010,1,1,INE516K01024,1
GOKEX,Gokaldas Exports Limited,EQ,27-APR-2005,5,1,INE887G01027,5
GOKUL,Gokul Refoils and Solvent Limited,EQ,04-JUN-2008,2,1,INE020J01029,2
GOLDENTOBC,Golden Tobacco Limited,BE,20-SEP-2000,10,1,INE973A01010,10
GOLDINFRA,Goldstone Infratech Limited,BE,20-MAR-2002,4,1,INE260D01016,4
GOLDTECH,Goldstone Technologies Limited,BE,11-APR-2001,10,1,INE805A01014,10
GOODLUCK,Goodluck India Limited,EQ,08-JAN-2015,2,1,INE127I01024,2
GPIL,Godawari Power And Ispat limited,EQ,25-APR-2006,10,1,INE177H01013,10
GPPL,Gujarat Pipavav Port Limited,EQ,09-SEP-2010,10,1,INE517F01014,10
GRANULES,Granules India Limited,EQ,20-JUN-2005,1,1,INE101D01020,1
GRAPHITE,Graphite India Limited,EQ,07-FEB-2003,2,1,INE371A01025,2
GRASIM,Grasim Industries Limited,EQ,10-MAY-1995,2,1,INE047A01021,2
GRAVITA,Gravita India Limited,EQ,16-NOV-2010,2,1,INE024L01027,2
GREAVESCOT,Greaves Cotton Limited,EQ,09-SEP-2004,2,1,INE224A01026,2
GREENPLY,Greenply Industries Limited,EQ,06-MAR-1996,1,1,INE461C01038,1
GREENPOWER,Orient Green Power Company Limited,EQ,08-OCT-2010,10,1,INE999K01014,10
GRINDWELL,Grindwell Norton Limited,EQ,11-SEP-2006,5,1,INE536A01023,5
GRPLTD,GRP Limited,EQ,12-FEB-2015,10,1,INE137I01015,10
GRUH,Gruh Finance Limited,EQ,10-SEP-2004,2,1,INE580B01029,2
GSCLCEMENT,Gujarat Sidhee Cement Limited,EQ,15-MAY-2013,10,1,INE542A01039,10
GSFC,Gujarat State Fertilizers & Chemicals Limited,EQ,06-SEP-1995,2,1,INE026A01025,2
GSFC,Gujarat State Fertilizers & Chemicals Limited,IL,06-SEP-1995,2,1,INE026A01025,2
GSKCONS,GlaxoSmithKline Consumer Healthcare Limited,EQ,16-JUN-2003,10,1,INE264A01014,10
GSPL,Gujarat State Petronet Limited,EQ,16-FEB-2006,10,1,INE246F01010,10
GSS,GSS Infotech Limited,EQ,07-MAR-2008,10,1,INE871H01011,10
GTL,GTL Limited,EQ,29-MAR-1995,10,1,INE043A01012,10
GTLINFRA,GTL Infrastructure Limited,EQ,09-NOV-2006,10,1,INE221H01019,10
GTNIND,GTN Industries Limited,EQ,02-AUG-1995,10,1,INE537A01013,10
GTNTEX,GTN Textiles Limited,EQ,18-MAY-2006,10,1,INE302H01017,10
GTOFFSHORE,GOL Offshore Limited,EQ,21-DEC-2006,10,1,INE892H01017,10
GUJALKALI,Gujarat Alkalies and Chemicals Limited,EQ,07-AUG-1997,10,1,INE186A01019,10
GUJAPOLLO,Gujarat Apollo Industries Limited,EQ,04-JUN-2007,10,1,INE826C01016,10
GUJFLUORO,Gujarat Fluorochemicals Limited,EQ,25-MAY-1995,1,1,INE538A01037,1
GUJNRECOKE,Gujarat NRE Coke Limited,EQ,02-AUG-2004,10,1,INE110D01013,10
GUJNREDVR,Gujarat NRE Coke Limited,EQ,26-MAY-2010,10,1,IN9110D01011,10
GULFOILLUB,Gulf Oil Lubricants India Limited,EQ,31-JUL-2014,2,1,INE635Q01029,2
GULFPETRO,GP Petroleums Limited,EQ,24-SEP-2004,5,1,INE586G01017,5
GULPOLY,Gulshan Polyols Limited,EQ,28-JAN-2015,1,1,INE255D01024,1
GVKPIL,GVK Power & Infrastructure Limited,EQ,27-FEB-2006,1,1,INE251H01024,1
HANUNG,Hanung Toys and Textiles Limited,EQ,20-OCT-2006,10,1,INE648H01013,10
HARITASEAT,Harita Seating Systems Limited,EQ,06-APR-2009,10,1,INE939D01015,10
HARRMALAYA,Harrisons  Malayalam Limited,EQ,08-FEB-1995,10,1,INE544A01019,10
HATHWAY,Hathway Cable & Datacom Limited,EQ,25-FEB-2010,2,1,INE982F01036,2
HATSUN,Hatsun Agro Product Limited,EQ,20-JUN-2014,1,1,INE473B01035,1
HAVELLS,Havells India Limited,EQ,21-MAR-2001,1,1,INE176B01034,1
HBLPOWER,HBL Power Systems Limited,EQ,04-JAN-2007,1,1,INE292B01021,1
HBSTOCK,HB Stockholdings Limited,EQ,15-OCT-1997,10,1,INE550B01014,10
HCC,Hindustan Construction Company Limited,EQ,01-APR-2003,1,1,INE549A01026,1
HCG,Healthcare Global Enterprises Limited,EQ,30-MAR-2016,10,1,INE075I01017,10
HCL-INSYS,HCL Infosystems Limited,EQ,01-JAN-1997,2,1,INE236A01020,2
HCLTECH,HCL Technologies Limited,EQ,06-JAN-2000,2,1,INE860A01027,2
HDFC,Housing Development Finance Corporation Limited,EQ,23-OCT-1996,2,1,INE001A01036,2
HDFCBANK,HDFC Bank Limited,EQ,08-NOV-1995,2,1,INE040A01026,2
HDFCBANK,HDFC Bank Limited,IL,08-NOV-1995,2,1,INE040A01026,2
HDIL,Housing Development and Infrastructure Limited,EQ,24-JUL-2007,10,1,INE191I01012,10
HEG,HEG Limited,EQ,10-MAY-1995,10,1,INE545A01016,10
HEIDELBERG,HeidelbergCement India Limited,EQ,15-MAR-1995,10,1,INE578A01017,10
HERCULES,Hercules Hoists Limited,EQ,19-FEB-2008,1,1,INE688E01024,1
HERITGFOOD,Heritage Foods Limited,EQ,27-NOV-1996,10,1,INE978A01019,10
HEROMOTOCO,Hero MotoCorp Limited,EQ,11-APR-2003,2,1,INE158A01026,2
HESTERBIO,Hester Biosciences Limited,EQ,13-MAR-2015,10,1,INE782E01017,10
HEXATRADEX,Hexa Tradex Limited,EQ,20-APR-2012,2,1,INE750M01017,2
HEXAWARE,Hexaware Technologies Limited,EQ,14-JUN-2002,2,1,INE093A01033,2
HFCL,Himachal Futuristic Communications Limited,EQ,09-MAR-2011,1,1,INE548A01028,1
HGS,Hinduja Global Solutions Limited,EQ,19-JUN-2007,10,1,INE170I01016,10
HIGHGROUND,High Ground Enterprise Limited,EQ,24-NOV-2016,1,1,INE361M01021,1
HIKAL,Hikal Limited,EQ,14-FEB-2001,2,1,INE475B01022,2
HIL,HIL Limited,EQ,26-APR-1995,10,1,INE557A01011,10
HILTON,Hilton Metal Forging Limited,EQ,24-MAY-2007,10,1,INE788H01017,10
HIMATSEIDE,Himatsingka Seide Limited,EQ,08-FEB-1995,5,1,INE049A01027,5
HINDALCO,Hindalco Industries Limited,EQ,08-JAN-1997,1,1,INE038A01020,1
HINDCOMPOS,Hindustan Composites Limited,EQ,08-MAY-1996,10,1,INE310C01011,10
HINDCOPPER,Hindustan Copper Limited,EQ,15-SEP-2010,5,1,INE531E01026,5
HINDDORROL,Hindustan Dorr-Oliver Limited,EQ,06-DEC-1995,2,1,INE551A01022,2
HINDMOTORS,Hindustan Motors Limited,EQ,21-FEB-2011,5,1,INE253A01025,5
HINDOILEXP,Hindustan Oil Exploration Company Limited,EQ,23-SEP-2003,10,1,INE345A01011,10
HINDSYNTEX,Hind Syntex Limited,EQ,08-FEB-1995,10,1,INE155B01012,10
HINDUJAFO,Hinduja Foundries Limited,EQ,26-SEP-2006,10,1,INE291F01016,10
HINDUJAVEN,Hinduja Ventures Limited,EQ,24-APR-2007,10,1,INE353A01023,10
HINDUNILVR,Hindustan Unilever Limited,EQ,06-JUL-1995,1,1,INE030A01027,1
HINDZINC,Hindustan Zinc Limited,EQ,21-NOV-2006,2,1,INE267A01025,2
HIRECT,Hind Rectifiers Limited,EQ,26-DEC-2006,2,1,INE835D01023,2
HITECHGEAR,The Hi-Tech Gears Limited,EQ,21-JAN-2002,10,1,INE127B01011,10
HITECHPLAS,Hitech Plast Limited,EQ,20-DEC-2007,10,1,INE120D01012,10
HMVL,Hindustan Media Ventures Limited,EQ,21-JUL-2010,10,1,INE871K01015,10
HOCL,Hindustan Organic Chemicals Limited,EQ,19-NOV-1997,10,1,INE048A01011,10
HONAUT,Honeywell Automation India Limited,EQ,18-JUL-2003,10,1,INE671A01010,10
HONDAPOWER,Honda Siel Power Products Limited,EQ,01-APR-2003,10,1,INE634A01018,10
HOTELEELA,Hotel Leela Venture Limited,EQ,19-JUL-1995,2,1,INE102A01024,2
HOVS,HOV Services Limited,EQ,27-SEP-2006,10,1,INE596H01014,10
HPL,HPL Electric & Power Limited,EQ,04-OCT-2016,10,1,INE495S01016,10
HSCL,Himadri Speciality Chemical Limited,EQ,02-MAR-2007,1,1,INE019C01026,1
HSIL,HSIL Limited,EQ,31-MAY-2000,2,1,INE415A01038,2
HTMEDIA,HT Media Limited,EQ,01-SEP-2005,2,1,INE501G01024,2
HUBTOWN,Hubtown Limited,EQ,07-FEB-2007,10,1,INE703H01016,10
IBREALEST,Indiabulls Real Estate Limited,EQ,23-MAR-2007,2,1,INE069I01010,2
IBULHSGFIN,Indiabulls Housing Finance Limited,EQ,23-JUL-2013,2,1,INE148I01020,2
IBVENTURES,Indiabulls Ventures Limited,EQ,02-APR-2008,2,1,INE274G01010,2
ICICIBANK,ICICI Bank Limited,EQ,17-SEP-1997,2,1,INE090A01021,2
ICICIPRULI,ICICI Prudential Life Insurance Company Limited,EQ,29-SEP-2016,10,1,INE726G01019,10
ICIL,Indo Count Industries Limited,EQ,12-SEP-2005,2,1,INE483B01026,2
ICRA,ICRA Limited,EQ,13-APR-2007,10,1,INE725G01011,10
ICSA,ICSA (India) Limited,EQ,28-SEP-2006,2,1,INE306B01029,2
IDBI,IDBI Bank Limited,EQ,20-SEP-1995,10,1,INE008A01015,10
IDEA,Idea Cellular Limited,EQ,09-MAR-2007,10,1,INE669E01016,10
IDFC,IDFC Limited,EQ,12-AUG-2005,10,1,INE043D01016,10
IDFC,IDFC Limited,IL,12-AUG-2005,10,1,INE043D01016,10
IDFCBANK,IDFC Bank Limited,EQ,06-NOV-2015,10,1,INE092T01019,10
IFBAGRO,IFB Agro Industries Limited,EQ,03-APR-1996,10,1,INE076C01018,10
IFBIND,IFB Industries Limited,EQ,29-MAR-1995,10,1,INE559A01017,10
IFCI,IFCI Limited,EQ,26-APR-1995,10,1,INE039A01010,10
IFGLREFRAC,IFGL Refractories Limited,EQ,08-JAN-2004,10,1,INE023B01012,10
IGARASHI,Igarashi Motors India Limited,EQ,09-OCT-2003,10,1,INE188B01013,10
IGL,Indraprastha Gas Limited,EQ,26-DEC-2003,10,1,INE203G01019,10
IGPL,IG Petrochemicals Limited,EQ,29-JAN-2007,10,1,INE204A01010,10
IIFL,IIFL Holdings Limited,EQ,17-MAY-2005,2,1,INE530B01024,2
IL&FSENGG,IL&FS Engineering and Construction Company Limited,EQ,25-OCT-2007,10,1,INE369I01014,10
IL&FSTRANS,IL&FS Transportation Networks Limited,EQ,30-MAR-2010,10,1,INE975G01012,10
IMFA,Indian Metals & Ferro Alloys Limited,EQ,23-JUL-2010,10,1,INE919H01018,10
IMPAL,India Motor Parts and Accessories Limited,EQ,07-OCT-2005,10,1,INE547E01014,10
IMPEXFERRO,Impex Ferro Tech Limited,EQ,03-FEB-2005,10,1,INE691G01015,10
INDBANK,Indbank Merchant Banking Services Limited,EQ,08-OCT-2008,10,1,INE841B01017,10
INDHOTEL,The Indian Hotels Company Limited,EQ,03-JUL-1996,1,1,INE053A01029,1
INDIACEM,The India Cements Limited,EQ,31-MAY-2000,10,1,INE383A01012,10
INDIAGLYCO,India Glycols Limited,EQ,01-JUL-2005,10,1,INE560A01015,10
INDIANB,Indian Bank,EQ,01-MAR-2007,10,1,INE562A01011,10
INDIANCARD,Indian Card Clothing Company Limited,EQ,08-JAN-1997,10,1,INE061A01014,10
INDIANHUME,Indian Hume Pipe Company Limited,EQ,30-AUG-1995,2,1,INE323C01030,2
INDIGO,InterGlobe Aviation Limited,EQ,10-NOV-2015,10,1,INE646L01027,10
INDLMETER,IMP Powers Limited,EQ,10-JAN-1996,10,1,INE065B01013,10
INDNIPPON,India Nippon Electricals Limited,EQ,07-MAY-1997,10,1,INE092B01017,10
INDOCO,Indoco Remedies Limited,EQ,14-JAN-2005,2,1,INE873D01024,2
INDORAMA,Indo Rama Synthetics (India) Limited,EQ,20-JUN-2003,10,1,INE156A01020,10
INDOSOLAR,Indosolar Limited,EQ,29-SEP-2010,10,1,INE866K01015,10
INDOTECH,Indo Tech Transformers Limited,EQ,16-MAR-2006,10,1,INE332H01014,10
INDOTHAI,Indo Thai Securities Limited,EQ,02-NOV-2011,10,1,INE337M01013,10
INDOWIND,Indowind Energy Limited,BE,14-SEP-2007,10,1,INE227G01018,10
INDRAMEDCO,Indraprastha Medical Corporation Limited,EQ,17-APR-1997,10,1,INE681B01017,10
INDSWFTLAB,Ind-Swift Laboratories Limited,EQ,02-JUL-1997,10,1,INE915B01019,10
INDSWFTLTD,Ind-Swift Limited,EQ,18-OCT-2004,2,1,INE788B01028,2
INDTERRAIN,Indian Terrain Fashions Limited,EQ,11-MAR-2011,2,1,INE611L01021,2
INDUSINDBK,IndusInd Bank Limited,EQ,28-JAN-1998,10,1,INE095A01012,10
INEOSSTYRO,INEOS Styrolution India Limited,EQ,29-MAR-1995,10,1,INE189B01011,10
INFIBEAM,Infibeam Incorporation Limited,EQ,04-APR-2016,10,1,INE483S01012,10
INFINITE,Infinite Computer Solutions (India) Limited,EQ,03-FEB-2010,10,1,INE486J01014,10
INFOMEDIA,INFOMEDIA PRESS LIMITED,BE,12-OCT-2006,10,1,INE669A01022,10
INFRATEL,Bharti Infratel Limited,EQ,28-DEC-2012,10,1,INE121J01017,10
INFY,Infosys Limited,EQ,08-FEB-1995,5,1,INE009A01021,5
INGERRAND,Ingersoll Rand (India) Limited,EQ,15-APR-1999,10,1,INE177A01018,10
INOXLEISUR,INOX Leisure Limited,EQ,23-FEB-2006,10,1,INE312H01016,10
INOXWIND,Inox Wind Limited,EQ,09-APR-2015,10,1,INE066P01011,10
INSECTICID,Insecticides (India) Limited,EQ,30-MAY-2007,10,1,INE070I01018,10
INTELLECT,Intellect Design Arena Limited,EQ,18-DEC-2014,5,1,INE306R01017,5
INTENTECH,Intense Technologies Limited,EQ,23-MAR-2017,2,1,INE781A01025,2
INVENTURE,Inventure Growth & Securities Limited,EQ,04-AUG-2011,10,1,INE878H01016,10
IOB,Indian Overseas Bank,EQ,07-DEC-2000,10,1,INE565A01014,10
IOC,Indian Oil Corporation Limited,EQ,24-JUL-1996,10,1,INE242A01010,10
IOLCP,IOL Chemicals and Pharmaceuticals Limited,EQ,08-NOV-2010,10,1,INE485C01011,10
IPAPPM,International Paper APPM Limited,EQ,13-MAY-2004,10,1,INE435A01028,10
IPCALAB,IPCA Laboratories Limited,EQ,08-FEB-1995,2,1,INE571A01020,2
IRB,IRB Infrastructure Developers Limited,EQ,25-FEB-2008,10,1,INE821I01014,10
ISFT,Intrasoft Technologies Limited,EQ,12-APR-2010,10,1,INE566K01011,10
ISMTLTD,ISMT Limited,EQ,28-AUG-2007,5,1,INE732F01019,5
ITC,ITC Limited,EQ,23-AUG-1995,1,1,INE154A01025,1
ITDC,India Tourism Development Corporation Limited,EQ,30-DEC-2016,10,1,INE353K01014,10
ITDCEM,ITD Cementation India Limited,EQ,10-FEB-1999,1,1,INE686A01026,1
ITI,ITI Limited,EQ,15-SEP-2003,10,1,INE248A01017,10
IVC,IL&FS Investment Managers Limited,EQ,15-SEP-1999,2,1,INE050B01023,2
IVP,IVP Limited,EQ,13-SEP-1995,10,1,INE043C01018,10
IVRCLINFRA,IVRCL Limited,EQ,08-MAR-2000,2,1,INE875A01025,2
IZMO,IZMO Limited,EQ,05-FEB-2007,10,1,INE848A01014,10
JAGRAN,Jagran Prakashan Limited,EQ,22-FEB-2006,2,1,INE199G01027,2
JAGSNPHARM,Jagsonpal Pharmaceuticals Limited,EQ,01-MAR-2000,5,1,INE048B01027,5
JAIBALAJI,Jai Balaji Industries Limited,EQ,09-DEC-2003,10,1,INE091G01018,10
JAICORPLTD,Jai Corp Limited,EQ,26-NOV-1997,1,1,INE070D01027,1
JAIHINDPRO,Jaihind Projects Limited,EQ,29-FEB-2012,10,1,INE343D01010,10
JAINSTUDIO,Jain Studios Limited,BE,14-JUN-2000,10,1,INE486B01011,10
JAMNAAUTO,Jamna Auto Industries Limited,EQ,10-DEC-2010,5,1,INE039C01024,5
JAYBARMARU,Jay Bharat Maruti Limited,EQ,03-JAN-1996,5,1,INE571B01028,5
JAYNECOIND,Jayaswal Neco Industries Limited,EQ,10-MAY-1995,10,1,INE854B01010,10
JBFIND,JBF Industries Limited,EQ,25-FEB-2004,10,1,INE187A01017,10
JBMA,JBM Auto Limited,EQ,17-DEC-2004,5,1,INE927D01028,5
JCHAC,Johnson Controls � Hitachi Air Conditioning India Limited,EQ,03-JAN-2000,10,1,INE782A01015,10
JENSONICOL,Jenson & Nicholson (India) Limited,EQ,31-DEC-1997,2,1,INE819B01021,2
JETAIRWAYS,Jet Airways (India) Limited,EQ,14-MAR-2005,10,1,INE802G01018,10
JHS,JHS Svendgaard Laboratories Limited,EQ,21-OCT-2006,10,1,INE544H01014,10
JIKIND,JIK Industries Limited,BE,26-NOV-2008,10,1,INE026B01049,10
JINDALPHOT,Jindal Photo Limited,BE,07-APR-2005,10,1,INE796G01012,10
JINDALPOLY,Jindal Poly Films Limited,EQ,21-JAN-2002,10,1,INE197D01010,10
JINDALSAW,Jindal Saw Limited,EQ,29-APR-2003,2,1,INE324A01024,2
JINDALSTEL,Jindal Steel & Power Limited,EQ,29-DEC-1999,1,1,INE749A01030,1
JINDCOT,Jindal Cotex Limited,EQ,22-SEP-2009,10,1,INE904J01016,10
JINDRILL,Jindal Drilling And Industries Limited,EQ,22-DEC-2006,5,1,INE742C01031,5
JINDWORLD,Jindal Worldwide Limited,EQ,25-NOV-2010,10,1,INE247D01013,10
JISLDVREQS,Jain Irrigation Systems Limited,EQ,30-NOV-2011,2,1,IN9175A01010,2
JISLJALEQS,Jain Irrigation Systems Limited,EQ,13-AUG-2001,2,1,INE175A01038,2
JITFINFRA,JITF Infralogistics Limited,BE,27-FEB-2017,2,1,INE863T01013,2
JKCEMENT,JK Cement Limited,EQ,14-MAR-2006,10,1,INE823G01014,10
JKIL,J.Kumar Infraprojects Limited,EQ,12-FEB-2008,5,1,INE576I01022,5
JKPAPER,JK Paper Limited,EQ,16-JUN-2005,10,1,INE789E01012,10
JKTYRE,JK Tyre & Industries Limited,EQ,19-MAR-2007,2,1,INE573A01042,2
JMA,Jullundur Motor Agency (Delhi) Limited,EQ,16-MAR-2015,10,1,INE412C01015,10
JMCPROJECT,JMC Projects (India)  Limited,EQ,26-NOV-2007,10,1,INE890A01016,10
JMFINANCIL,JM Financial Limited,EQ,10-OCT-2006,1,1,INE780C01023,1
JMTAUTOLTD,JMT Auto Limited,EQ,02-APR-2007,1,1,INE988E01036,1
JOCIL,Jocil Limited,EQ,08-OCT-2008,10,1,INE839G01010,10
JPASSOCIAT,Jaiprakash Associates Limited,EQ,14-JUN-2004,2,1,INE455F01025,2
JPINFRATEC,Jaypee Infratech Limited,EQ,21-MAY-2010,10,1,INE099J01015,10
JPPOWER,Jaiprakash Power Ventures Limited,EQ,18-APR-2005,10,1,INE351F01018,10
JSL,Jindal Stainless Limited,EQ,17-NOV-2003,2,1,INE220G01021,2
JSLHISAR,Jindal Stainless (Hisar) Limited,EQ,28-JAN-2016,2,1,INE455T01018,2
JSWENERGY,JSW Energy Limited,EQ,04-JAN-2010,10,1,INE121E01018,10
JSWHL,JSW Holdings Limited,EQ,21-JUN-2005,10,1,INE824G01012,10
JSWSTEEL,JSW Steel Limited,EQ,23-MAR-2005,1,1,INE019A01038,1
JUBILANT,Jubilant Life Sciences Limited,EQ,16-JUN-2003,1,1,INE700A01033,1
JUBLFOOD,Jubilant Foodworks Limited,EQ,08-FEB-2010,10,1,INE797F01012,10
JUBLINDS,Jubilant Industries Limited,EQ,14-FEB-2011,10,1,INE645L01011,10
JUSTDIAL,Just Dial Limited,EQ,05-JUN-2013,10,1,INE599M01018,10
JVLAGRO,JVL Agro Industries Limited,EQ,17-JUN-2011,1,1,INE430G01026,1
JYOTHYLAB,Jyothy Laboratories Limited,EQ,19-DEC-2007,1,1,INE668F01031,1
JYOTISTRUC,Jyoti Structures Limited,EQ,19-JUL-1995,2,1,INE197A01024,2
KABRAEXTRU,Kabra Extrusion Technik Limited,EQ,06-SEP-1995,5,1,INE900B01029,5
KAJARIACER,Kajaria Ceramics Limited,EQ,01-JUN-2004,1,1,INE217B01036,1
KAKATCEM,Kakatiya Cement Sugar & Industries Limited,EQ,13-DEC-1995,10,1,INE437B01014,10
KALPATPOWR,Kalpataru Power Transmission Limited,EQ,15-DEC-2000,2,1,INE220B01022,2
KALYANIFRG,Kalyani Forge Limited,BE,20-DEC-2007,10,1,INE314G01014,10
KAMATHOTEL,Kamat Hotels (I) Limited,EQ,29-MAY-1996,10,1,INE967C01018,10
KAMDHENU,Kamdhenu Limited,EQ,09-MAY-2006,10,1,INE390H01012,10
KANANIIND,Kanani Industries Limited,EQ,14-DEC-2011,1,1,INE879E01037,1
KANSAINER,Kansai Nerolac Paints Limited,EQ,15-SEP-2003,1,1,INE531A01024,1
KARMAENG,Karma Energy Limited,EQ,28-JUN-2011,10,1,INE725L01011,10
KARURVYSYA,Karur Vysya Bank Limited,EQ,26-JUL-2000,2,1,INE036D01028,2
KAUSHALYA,Kaushalya Infrastructure Development Corporation Limited,EQ,14-DEC-2007,10,1,INE234I01010,10
KAVVERITEL,Kavveri Telecom Products Limited,EQ,29-JAN-2008,10,1,INE641C01019,10
KAYA,Kaya Limited,EQ,14-AUG-2015,10,1,INE587G01015,10
KCP,KCP Limited,EQ,09-APR-1997,1,1,INE805C01028,1
KCPSUGIND,KCP Sugar and Industries Corporation Limited,EQ,11-JUN-1997,1,1,INE790B01024,1
KDDL,KDDL Limited,EQ,23-MAR-2016,10,1,INE291D01011,10
KEC,KEC International Limited,EQ,10-MAR-2006,2,1,INE389H01022,2
KECL,Kirloskar Electric Company Limited,EQ,09-MAR-2010,10,1,INE134B01017,10
KEI,KEI Industries Limited,EQ,23-MAR-2006,2,1,INE878B01027,2
KELLTONTEC,Kellton Tech Solutions Limited,EQ,02-MAR-2016,5,1,INE164B01022,5
KERNEX,Kernex Microsystems (India) Limited,BE,20-DEC-2005,10,1,INE202H01019,10
KESARENT,Kesar Enterprises Limited,EQ,02-JAN-2007,10,1,INE133B01019,10
KESORAMIND,Kesoram Industries Limited,EQ,06-SEP-1995,10,1,INE087A01019,10
KGL,Karuturi Global Limited,EQ,03-MAY-2007,1,1,INE299C01024,1
KHAITANELE,Khaitan Electricals Limited,BE,28-JUN-2000,10,1,INE761A01019,10
KHAITANLTD,Khaitan (India) Limited,BE,24-JAN-2001,10,1,INE731C01018,10
KHANDSE,Khandwala Securities Limited,EQ,07-FEB-2001,10,1,INE060B01014,10
KILITCH,Kilitch Drugs (India) Limited,EQ,29-SEP-2010,10,1,INE729D01010,10
KINGFA,Kingfa Science & Technology (India) Limited,EQ,15-NOV-2016,10,1,INE473D01015,10
KIOCL,KIOCL Limited,EQ,29-NOV-2016,10,1,INE880L01014,10
KIRIINDUS,Kiri Industries Limited,EQ,22-APR-2008,10,1,INE415I01015,10
KIRLOSBROS,Kirloskar Brothers Limited,EQ,20-APR-2010,2,1,INE732A01036,2
KIRLOSENG,Kirloskar Oil Engines Limited,EQ,24-DEC-2010,2,1,INE146L01010,2
KIRLOSIND,Kirloskar Industries Limited,EQ,24-JUN-2010,10,1,INE250A01039,10
KITEX,Kitex Garments Limited,EQ,25-SEP-2012,1,1,INE602G01020,1
KKCL,Kewal Kiran Clothing Limited,EQ,13-APR-2006,10,1,INE401H01017,10
KMSUGAR,K.M.Sugar Mills Limited,EQ,31-MAY-2007,2,1,INE157H01023,2
KNRCON,KNR Constructions Limited,EQ,18-FEB-2008,2,1,INE634I01029,2
KOHINOOR,Kohinoor Foods Limited,EQ,20-OCT-1999,10,1,INE080B01012,10
KOLTEPATIL,Kolte - Patil Developers Limited,EQ,13-DEC-2007,10,1,INE094I01018,10
KOPRAN,Kopran Limited,EQ,09-JUN-1999,10,1,INE082A01010,10
KOTAKBANK,Kotak Mahindra Bank Limited,EQ,20-DEC-1995,5,1,INE237A01028,5
KOTARISUG,Kothari Sugars And Chemicals Limited,EQ,13-DEC-2004,10,1,INE419A01022,10
KOTHARIPET,Kothari Petrochemicals Limited,EQ,02-NOV-1996,10,1,INE720A01015,10
KOTHARIPRO,Kothari Products Limited,EQ,03-JUN-1998,10,1,INE823A01017,10
KPIT,KPIT Technologies Limited,EQ,24-NOV-1999,2,1,INE836A01035,2
KPRMILL,K.P.R. Mill Limited,EQ,28-AUG-2007,5,1,INE930H01023,5
KRBL,KRBL Limited,EQ,21-JAN-2002,1,1,INE001B01026,1
KREBSBIO,Krebs Biochemicals and Industries Limited,BE,19-APR-2000,10,1,INE268B01013,10
KSBPUMPS,KSB Pumps Limited,EQ,08-FEB-1995,10,1,INE999A01015,10
KSCL,Kaveri Seed Company Limited,EQ,04-OCT-2007,2,1,INE455I01029,2
KSERASERA,KSS Limited,BE,05-OCT-2006,1,1,INE216D01026,1
KSK,KSK Energy Ventures Limited,EQ,14-JUL-2008,10,1,INE143H01015,10
KSL,Kalyani Steels Limited,EQ,19-MAY-2010,5,1,INE907A01026,5
KTIL,Kesar Terminals & Infrastructure Limited,EQ,22-DEC-2010,5,1,INE096L01025,5
KTKBANK,The Karnataka Bank Limited,EQ,10-MAY-2000,10,1,INE614B01018,10
KWALITY,kwality limited,EQ,05-JUL-2011,1,1,INE775B01025,1
LAKPRE,Lakshmi Precision Screws Limited,EQ,26-SEP-2006,10,1,INE651C01018,10
LAKSHVILAS,Lakshmi Vilas Bank Limited,EQ,21-JUN-2000,10,1,INE694C01018,10
LALPATHLAB,Dr. Lal Path Labs Ltd.,EQ,23-DEC-2015,10,1,INE600L01024,10
LAMBODHARA,Lambodhara Textiles Limited,EQ,04-FEB-2015,5,1,INE112F01022,5
LAOPALA,La Opala RG Limited,EQ,16-MAR-2007,2,1,INE059D01020,2
LAURUSLABS,Laurus Labs Limited,EQ,19-DEC-2016,10,1,INE947Q01010,10
LAXMIMACH,Lakshmi Machine Works Limited,EQ,29-MAR-1995,10,1,INE269B01029,10
LCCINFOTEC,LCC Infotech Limited,BE,02-MAR-2000,2,1,INE938A01021,2
LFIC,Lakshmi Finance & Industrial Corporation Limited,BE,15-APR-2015,10,1,INE850E01012,10
LGBBROSLTD,LG Balakrishnan & Bros Limited,EQ,30-MAR-2010,10,1,INE337A01034,10
LGBFORGE,LGB Forge Limited,BE,01-AUG-2008,1,1,INE201J01017,1
LIBERTSHOE,Liberty Shoes Limited,EQ,27-SEP-1995,10,1,INE557B01019,10
LICHSGFIN,LIC Housing Finance Limited,EQ,29-JUL-1998,2,1,INE115A01026,2
LINDEINDIA,Linde India Limited,EQ,16-JUN-1999,10,1,INE473A01011,10
LITL,Lanco Infratech Limited,EQ,27-NOV-2006,1,1,INE785C01048,1
LLOYDELENG,Lloyd Electric & Engineering Limited,EQ,30-APR-1997,10,1,INE245C01019,10
LML,LML Limited,EQ,15-MAR-1995,10,1,INE862A01015,10
LOKESHMACH,Lokesh Machines Limited,EQ,05-MAY-2006,10,1,INE397H01017,10
LOTUSEYE,Lotus Eye Care Hospital Limited,EQ,11-JUL-2008,10,1,INE947I01017,10
LOVABLE,Lovable Lingerie Limited,EQ,24-MAR-2011,10,1,INE597L01014,10
LPDC,Landmark Property Development Company Limited,EQ,12-AUG-2008,1,1,INE197J01017,1
LT,Larsen & Toubro Limited,EQ,23-JUN-2004,2,1,INE018A01030,2
LTI,Larsen & Toubro Infotech Limited,EQ,21-JUL-2016,1,1,INE214T01019,1
LTTS,L&T Technology Services Limited,EQ,23-SEP-2016,2,1,INE010V01017,2
LUMAXIND,Lumax Industries Limited,EQ,06-SEP-1995,10,1,INE162B01018,10
LUMAXTECH,Lumax Auto Technologies Limited,EQ,16-JAN-2007,10,1,INE872H01019,10
LUPIN,Lupin Limited,EQ,10-SEP-2001,2,1,INE326A01037,2
LUXIND,Lux Industries Limited,EQ,30-NOV-2015,2,1,INE150G01020,2
LYCOS,Lycos Internet Limited,BE,08-MAY-2015,2,1,INE425B01027,2
LYKALABS,Lyka Labs Limited,EQ,08-FEB-1995,10,1,INE933A01014,10
LYPSAGEMS,Lypsa Gems & Jewellery Limited,EQ,05-NOV-2013,10,1,INE142K01011,10
M&M,Mahindra & Mahindra Limited,EQ,03-JAN-1996,5,1,INE101A01026,5
M&MFIN,Mahindra & Mahindra Financial Services Limited,EQ,17-MAR-2006,2,1,INE774D01024,2
MAANALU,Maan Aluminium Limited,EQ,22-OCT-2007,10,1,INE215I01019,10
MADHAV,Madhav Marbles and Granites Limited,EQ,20-DEC-2007,10,1,INE925C01016,10
MADHUCON,Madhucon Projects Limited,EQ,05-OCT-2006,1,1,INE378D01032,1
MADRASFERT,Madras Fertilizers Limited,EQ,25-JUL-1997,10,1,INE414A01015,10
MAGMA,Magma Fincorp Limited,EQ,27-APR-2004,2,1,INE511C01022,2
MAGNUM,Magnum Ventures Limited,EQ,20-SEP-2007,10,1,INE387I01016,10
MAHABANK,Bank of Maharashtra,EQ,12-APR-2004,10,1,INE457A01014,10
MAHASTEEL,Mahamaya Steel Industries Limited,EQ,01-JUL-2016,10,1,INE451L01014,10
MAHINDCIE,Mahindra CIE Automotive Limited,EQ,30-AUG-2007,10,1,INE536H01010,10
MAHLIFE,Mahindra Lifespace Developers Limited,EQ,10-MAY-2000,10,1,INE813A01018,10
MAHSCOOTER,Maharashtra Scooters Limited,EQ,08-FEB-1995,10,1,INE288A01013,10
MAHSEAMLES,Maharashtra Seamless Limited,EQ,25-AUG-2004,5,1,INE271B01025,5
MAITHANALL,Maithan Alloys Limited,EQ,05-JUL-2011,10,1,INE683C01011,10
MALUPAPER,Malu Paper Mills Limited,EQ,05-APR-2006,10,1,INE383H01017,10
MALWACOTT,Malwa Cotton Spg. Mills Limited,BE,12-APR-2000,10,1,INE272B01015,10
MANAKSIA,Manaksia Limited,EQ,08-JAN-2008,2,1,INE015D01022,2
MANALIPETC,Manali Petrochemicals Limited,EQ,06-DEC-2006,5,1,INE201A01024,5
MANAPPURAM,Manappuram Finance Limited,EQ,01-DEC-2014,2,1,INE522D01027,2
MANDHANA,Mandhana Industries Limited,BZ,19-MAY-2010,10,1,INE087J01010,10
MANGALAM,Mangalam Drugs And Organics Limited,EQ,23-MAY-2005,10,1,INE584F01014,10
MANGCHEFER,Mangalore Chemicals & Fertilizers Limited,EQ,22-OCT-2007,10,1,INE558B01017,10
MANGLMCEM,Mangalam Cement Limited,EQ,03-JAN-1996,10,1,INE347A01017,10
MANGTIMBER,Mangalam Timber Products Limited,EQ,27-JUL-1995,10,1,INE805B01012,10
MANINDS,Man Industries (India) Limited,EQ,24-JUN-2005,5,1,INE993A01026,5
MANINFRA,Man Infraconstruction Limited,EQ,11-MAR-2010,2,1,INE949H01023,2
MANUGRAPH,Manugraph India Limited,EQ,14-SEP-2006,2,1,INE867A01022,2
MARALOVER,Maral Overseas Limited,EQ,08-FEB-1995,10,1,INE882A01013,10
MARATHON,Marathon Nextgen Realty Limited,EQ,29-SEP-2016,10,1,INE182D01012,10
MARICO,Marico Limited,EQ,01-MAY-1996,1,1,INE196A01026,1
MARKSANS,Marksans Pharma Limited,EQ,21-JAN-2002,1,1,INE750C01026,1
MARUTI,Maruti Suzuki India Limited,EQ,09-JUL-2003,5,1,INE585B01010,5
MASTEK,Mastek Limited,EQ,10-MAY-1995,5,1,INE759A01021,5
MAWANASUG,Mawana Sugars Limited,EQ,20-MAR-2009,10,1,INE636A01039,10
MAXINDIA,Max India Limited,EQ,14-JUL-2016,2,1,INE153U01017,2
MAXVIL,Max Ventures and Industries Limited,EQ,22-JUN-2016,10,1,INE154U01015,10
MAYURUNIQ,Mayur Uniquoters Ltd,EQ,25-SEP-2012,5,1,INE040D01038,5
MBECL,Mcnally Bharat Engineering Company Limited,EQ,06-OCT-2006,10,1,INE748A01016,10
MBLINFRA,MBL Infrastructures Limited,EQ,11-JAN-2010,10,1,INE912H01013,10
MCDHOLDING,McDowell Holdings Limited,EQ,30-MAY-2007,10,1,INE836H01014,10
MCLEODRUSS,Mcleod Russel India Limited,EQ,29-JUL-2005,5,1,INE942G01012,5
MCX,Multi Commodity Exchange of India Limited,EQ,09-MAR-2012,10,1,INE745G01035,10
MEGASOFT,Megasoft Limited,EQ,19-JUL-2007,10,1,INE933B01012,10
MEGH,Meghmani Organics Limited,EQ,28-JUN-2007,1,1,INE974H01013,1
MELSTAR,Melstar Information Technologies Limited,EQ,07-MAR-2000,10,1,INE817A01019,10
MENONBE,Menon Bearings Limited,EQ,09-MAR-2015,1,1,INE071D01033,1
MEP,MEP Infrastructure Developers Limited,EQ,06-MAY-2015,10,1,INE776I01010,10
MERCATOR,Mercator Limited,EQ,20-JUN-2005,1,1,INE934B01028,1
MERCK,Merck Limited,EQ,24-APR-1996,10,1,INE199A01012,10
METALFORGE,Metalyst Forgings Limited,EQ,23-AUG-1995,10,1,INE425A01011,10
METKORE,Metkore Alloys & Industries Limited,BE,30-JUN-2008,2,1,INE592I01029,2
MFSL,Max Financial Services Limited,EQ,17-MAY-2000,2,1,INE180A01020,2
MGL,Mahanagar Gas Limited,EQ,01-JUL-2016,10,1,INE002S01010,10
MHRIL,Mahindra Holidays & Resorts India Limited,EQ,16-JUL-2009,10,1,INE998I01010,10
MIC,MIC Electronics Limited,EQ,30-MAY-2007,2,1,INE287C01029,2
MINDACORP,Minda Corporation Limited,EQ,16-OCT-2014,2,1,INE842C01021,2
MINDAIND,Minda Industries Limited,EQ,02-FEB-2007,2,1,INE405E01023,2
MINDTECK,Mindteck (India) Limited,EQ,02-AUG-2016,10,1,INE110B01017,10
MINDTREE,MindTree Limited,EQ,07-MAR-2007,10,1,INE018I01017,10
MIRCELECTR,MIRC Electronics Limited,EQ,24-MAY-2004,1,1,INE831A01028,1
MIRZAINT,Mirza International Limited,EQ,28-APR-1999,2,1,INE771A01026,2
MMFL,MM Forgings Limited,EQ,20-DEC-2006,10,1,INE227C01017,10
MMTC,MMTC Limited,EQ,09-APR-2012,1,1,INE123F01029,1
MOHITIND,Mohit Industries Limited,EQ,14-MAR-2013,10,1,INE954E01012,10
MOIL,MOIL Limited,EQ,15-DEC-2010,10,1,INE490G01020,10
MOLDTKPAC,Mold-Tek Packaging Limited,EQ,23-FEB-2015,5,1,INE893J01029,5
MONNETISPA,Monnet Ispat and Energy Limited,EQ,14-JUN-2004,10,1,INE743C01013,10
MONSANTO,Monsanto India Limited,EQ,19-JAN-2000,10,1,INE274B01011,10
MORARJEE,Morarjee Textiles Limited,EQ,14-SEP-2012,7,1,INE161G01027,7
MOREPENLAB,Morepen Laboratories Limited,EQ,24-NOV-1999,2,1,INE083A01026,2
MOSERBAER,Moser-Baer (I) Limited,EQ,02-MAY-2003,10,1,INE739A01015,10
MOTHERSUMI,Motherson Sumi Systems Limited,EQ,14-AUG-1996,1,1,INE775A01035,1
MOTILALOFS,Motilal Oswal Financial Services Limited,EQ,11-SEP-2007,1,1,INE338I01027,1
MOTOGENFIN,The Motor & General Finance Limited,BE,27-SEP-2000,10,1,INE861B01015,10
MPHASIS,MphasiS Limited,EQ,04-JUN-2004,10,1,INE356A01018,10
MPSLTD,MPS Limited,EQ,21-JAN-2002,10,1,INE943D01017,10
MRF,MRF Limited,EQ,18-SEP-1996,10,1,INE883A01011,10
MRO-TEK,MRO-TEK Realty Limited,EQ,01-NOV-2000,5,1,INE398B01018,5
MRPL,Mangalore Refinery and Petrochemicals Limited,EQ,07-JAN-2005,10,1,INE103A01014,10
MSPL,MSP Steel & Power Limited,EQ,18-JUL-2005,10,1,INE752G01015,10
MTEDUCARE,MT Educare Limited,EQ,12-APR-2012,10,1,INE472M01018,10
MTNL,Mahanagar Telephone Nigam Limited,EQ,17-FEB-1999,10,1,INE153A01019,10
MUKANDENGG,Mukand Engineers Limited,EQ,28-JUN-2000,10,1,INE022B01014,10
MUKANDLTD,Mukand Limited,EQ,23-FEB-2004,10,1,INE304A01026,10
MUKTAARTS,Mukta Arts Limited,EQ,12-SEP-2000,5,1,INE374B01019,5
MUNJALAU,Munjal Auto Industries Limited,EQ,19-JUL-2006,2,1,INE672B01032,2
MUNJALSHOW,Munjal Showa Limited,EQ,12-MAY-2003,2,1,INE577A01027,2
MURUDCERA,Murudeshwar Ceramics Limited,EQ,28-MAY-2004,10,1,INE692B01014,10
MUTHOOTFIN,Muthoot Finance Limited,EQ,06-MAY-2011,10,1,INE414G01012,10
MVL,MVL Limited,EQ,30-JUN-2008,1,1,INE744I01034,1
NAGAROIL,Nagarjuna Oil Refinery Limited,EQ,28-MAR-2012,1,1,INE453M01018,1
NAGREEKEXP,Nagreeka Exports Limited,EQ,18-JUN-2007,5,1,INE123B01028,5
NAHARCAP,Nahar Capital and Financial Services Limited,EQ,11-MAR-2008,5,1,INE049I01012,5
NAHARINDUS,Nahar Industrial Enterprises Limited,EQ,15-DEC-2005,10,1,INE289A01011,10
NAHARPOLY,Nahar Poly Films Limited,EQ,23-MAR-2007,5,1,INE308A01027,5
NAHARSPING,Nahar Spinning Mills Limited,EQ,23-MAR-2007,5,1,INE290A01027,5
NAKODA,Nakoda Limited,EQ,14-MAR-2013,5,1,INE559B01023,5
NATCOPHARM,Natco Pharma Limited,EQ,27-DEC-1995,2,1,INE987B01026,2
NATHBIOGEN,Nath Bio-Genes (India) Limited,EQ,28-JAN-2014,10,1,INE448G01010,10
NATIONALUM,National Aluminium Company Limited,EQ,28-APR-1999,5,1,INE139A01034,5
NATNLSTEEL,National Steel And Agro Industries Limited,BE,26-SEP-2002,10,1,INE088B01015,10
NAUKRI,Info Edge (India) Limited,EQ,21-NOV-2006,10,1,INE663F01024,10
NAVINFLUOR,Navin Fluorine International Limited,EQ,01-JUN-2007,10,1,INE048G01018,10
NAVKARCORP,Navkar Corporation Limited,EQ,09-SEP-2015,10,1,INE278M01019,10
NAVNETEDUL,Navneet Education Limited,EQ,08-FEB-1995,2,1,INE060A01024,2
NBCC,NBCC (INDIA) LIMITED,EQ,12-APR-2012,2,1,INE095N01023,2
NBVENTURES,Nava Bharat Ventures Limited,EQ,03-APR-1996,2,1,INE725A01022,2
NCC,NCC Limited,EQ,14-OCT-2003,2,1,INE868B01028,2
NCLIND,NCL Industries Limited,EQ,03-APR-2007,10,1,INE732C01016,10
NDL,Nandan Denim Limited,EQ,23-MAR-2012,10,1,INE875G01030,10
NDTV,New Delhi Television Limited,EQ,19-MAY-2004,4,1,INE155G01029,4
NECCLTD,North Eastern Carrying Corporation Limited,EQ,02-MAR-2016,10,1,INE553C01016,10
NECLIFE,Nectar Lifesciences Limited,EQ,18-JUL-2005,1,1,INE023H01027,1
NELCAST,Nelcast Limited,EQ,27-JUN-2007,2,1,INE189I01024,2
NELCO,NELCO Limited,EQ,28-MAY-2003,10,1,INE045B01015,10
NESCO,Nesco Limited,EQ,08-APR-2008,10,1,INE317F01027,10
NESTLEIND,Nestle India Limited,EQ,08-JAN-2010,10,1,INE239A01016,10
NET4,Net 4 India Limited,BE,10-DEC-2010,10,1,INE553E01012,10
NETWORK18,Network18 Media & Investments Limited,EQ,02-FEB-2007,5,1,INE870H01013,5
NEULANDLAB,Neuland Laboratories Limited,EQ,13-OCT-2008,10,1,INE794A01010,10
NEXTMEDIA,Next Mediaworks Limited,BE,04-APR-2001,10,1,INE747B01016,10
NFL,National Fertilizers Limited,EQ,28-DEC-2006,10,1,INE870D01012,10
NH,Narayana Hrudayalaya Ltd.,EQ,06-JAN-2016,10,1,INE410P01011,10
NHPC,NHPC Limited,EQ,01-SEP-2009,10,1,INE848E01016,10
NIBL,NRB Industrial Bearings Limited,EQ,09-APR-2013,2,1,INE047O01014,2
NICCO,Nicco Corporation Limited,BE,18-DEC-2006,2,1,INE241C01026,2
NIITLTD,NIIT Limited,EQ,16-AUG-2004,2,1,INE161A01038,2
NIITTECH,NIIT Technologies Limited,EQ,30-AUG-2004,10,1,INE591G01017,10
NILKAMAL,Nilkamal Limited,EQ,01-NOV-1995,10,1,INE310A01015,10
NIPPOBATRY,Indo-National Limited,EQ,06-OCT-1999,10,1,INE567A01010,10
NITCO,Nitco Limited,EQ,21-MAR-2006,10,1,INE858F01012,10
NITESHEST,Nitesh Estates Limited,EQ,13-MAY-2010,10,1,INE639K01016,10
NITINFIRE,Nitin Fire Protection Industries Limited,EQ,05-JUN-2007,2,1,INE489H01020,2
NITINSPIN,Nitin Spinners Limited,EQ,02-FEB-2006,10,1,INE229H01012,10
NLCINDIA,NLC India Limited,EQ,23-AUG-2000,10,1,INE589A01014,10
NMDC,NMDC Limited,EQ,03-MAR-2008,1,1,INE584A01023,1
NOCIL,NOCIL Limited,EQ,17-JAN-1996,10,1,INE163A01018,10
NOIDATOLL,Noida Toll Bridge Company Limited,EQ,06-DEC-2002,10,1,INE781B01015,10
NRBBEARING,NRB Bearing Limited,EQ,08-MAR-2000,2,1,INE349A01021,2
NSIL,Nalwa Sons Investments Limited,EQ,17-NOV-2003,10,1,INE023A01030,10
NTL,Neueon Towers Limited,EQ,11-SEP-2013,10,1,INE333I01036,10
NTPC,NTPC Limited,EQ,05-NOV-2004,10,1,INE733E01010,10
NUCLEUS,Nucleus Software Exports Limited,EQ,19-DEC-2002,10,1,INE096B01018,10
NUTEK,Nu Tek India Limited,EQ,27-AUG-2008,5,1,INE318J01027,5
OBEROIRLTY,Oberoi Realty Limited,EQ,20-OCT-2010,10,1,INE093I01010,10
OCL,OCL India Limited,EQ,15-SEP-2004,2,1,INE290B01025,2
OFSS,Oracle Financial Services Software Limited,EQ,28-JUN-2002,5,1,INE881D01027,5
OIL,Oil India Limited,EQ,30-SEP-2009,10,1,INE274J01014,10
OILCOUNTUB,Oil Country Tubular Limited,EQ,30-AUG-1995,10,1,INE591A01010,10
OISL,OCL Iron and Steel Limited,EQ,01-AUG-2008,1,1,INE196J01019,1
OMAXAUTO,Omax Autos Limited,EQ,20-FEB-2003,10,1,INE090B01011,10
OMAXE,Omaxe Limited,EQ,09-AUG-2007,10,1,INE800H01010,10
OMKARCHEM,Omkar Speciality Chemicals Limited,EQ,10-FEB-2011,10,1,INE474L01016,10
OMMETALS,OM Metals Infraprojects Limited,EQ,17-JUN-2011,1,1,INE239D01028,1
ONELIFECAP,Onelife Capital Advisors Limited,EQ,17-OCT-2011,10,1,INE912L01015,10
ONGC,Oil & Natural Gas Corporation Limited,EQ,19-JUL-1995,5,1,INE213A01029,5
ONMOBILE,OnMobile Global Limited,EQ,19-FEB-2008,10,1,INE809I01019,10
ONWARDTEC,Onward Technologies Limited,EQ,07-MAR-2001,10,1,INE229A01017,10
OPTOCIRCUI,Opto Circuits (India) Limited,EQ,25-AUG-2003,10,1,INE808B01016,10
ORBITCORP,Orbit Corporation Limited,BE,12-APR-2007,10,1,INE628H01015,10
ORBTEXP,Orbit Exports Limited,EQ,05-NOV-2013,10,1,INE231G01010,10
ORCHIDPHAR,Orchid Pharma Limited,EQ,02-JUL-1997,10,1,INE191A01019,10
ORIENTABRA,Orient Abrasives Limited,EQ,15-DEC-2005,1,1,INE569C01020,1
ORIENTALTL,Oriental Trimex Limited,BE,07-MAR-2007,10,1,INE998H01012,10
ORIENTBANK,Oriental Bank of Commerce,EQ,02-JUL-1997,10,1,INE141A01014,10
ORIENTBELL,Orient Bell Limited,EQ,14-FEB-2007,10,1,INE607D01018,10
ORIENTCEM,Orient Cement Limited,EQ,12-JUL-2013,1,1,INE876N01018,1
ORIENTHOT,Oriental Hotels Limited,EQ,27-AUG-1998,1,1,INE750A01020,1
ORIENTLTD,Orient Press Limited,EQ,03-MAR-2010,10,1,INE609C01024,10
ORIENTPPR,Orient Paper & Industries Limited,EQ,29-MAR-1995,1,1,INE592A01026,1
ORIENTREF,Orient Refractories Limited,EQ,12-MAR-2012,1,1,INE743M01012,1
ORISSAMINE,The Orissa Minerals Development Company Limited,EQ,29-SEP-2010,1,1,INE725E01024,1
ORTEL,Ortel Communications Limited,EQ,19-MAR-2015,10,1,INE849L01019,10
PAEL,PAE Limited,BE,21-JUL-1999,10,1,INE766A01018,10
PAGEIND,Page Industries Limited,EQ,16-MAR-2007,10,1,INE761H01022,10
PANACEABIO,Panacea Biotec Limited,EQ,17-APR-1996,1,1,INE922B01023,1
PANAMAPET,Panama Petrochem Limited,EQ,30-SEP-2011,2,1,INE305C01029,2
PANORAMUNI,Panoramic Universal Limited,EQ,03-JAN-2007,5,1,INE194B01029,5
PAPERPROD,Huhtamaki PPL Limited,EQ,01-OCT-2004,2,1,INE275B01026,2
PARABDRUGS,Parabolic Drugs Limited,EQ,01-JUL-2010,10,1,INE618H01016,10
PARACABLES,Paramount Communications Limited,BE,03-JAN-2007,2,1,INE074B01023,2
PARAGMILK,Parag Milk Foods Limited,EQ,19-MAY-2016,10,1,INE883N01014,10
PARRYSUGAR,Parrys Sugar Industries Limited,EQ,24-SEP-2007,10,1,INE353B01021,10
PARSVNATH,Parsvnath Developers Limited,EQ,30-NOV-2006,5,1,INE561H01026,5
PATELENG,Patel Engineering Limited,EQ,24-FEB-2005,1,1,INE244B01030,1
PATINTLOG,Patel Integrated Logistics Limited,EQ,11-JAN-2008,10,1,INE529D01014,10
PATSPINLTD,Patspin India Limited,EQ,10-MAY-1995,10,1,INE790C01014,10
PBAINFRA,PBA Infrastructure Limited,EQ,24-NOV-2005,10,1,INE160H01019,10
PCJEWELLER,PC Jeweller Limited,EQ,27-DEC-2012,10,1,INE785M01013,10
PDMJEPAPER,Pudumjee Paper Products Limited,EQ,30-MAR-2016,1,1,INE865T01018,1
PDPL,Parenteral Drugs (India) Limited,EQ,19-AUG-2010,10,1,INE904D01019,10
PDSMFL,PDS Multinational Fashions Limited,EQ,21-OCT-2014,10,1,INE111Q01013,10
PDUMJEIND,Pudumjee Industries Limited,EQ,19-JUL-1995,2,1,INE105C01023,2
PDUMJEPULP,Pudumjee Pulp & Paper Mills Limited,EQ,08-FEB-1995,2,1,INE606A01024,2
PEARLPOLY,Pearl Polymers Limited,BE,31-MAY-2000,10,1,INE844A01013,10
PEL,Piramal Enterprises Limited,EQ,08-FEB-1995,2,1,INE140A01024,2
PENIND,Pennar Industries Limited,EQ,25-NOV-2010,5,1,INE932A01024,5
PENINLAND,Peninsula Land Limited,EQ,08-FEB-1995,2,1,INE138A01028,2
PENPEBS,Pennar Engineered Building Systems Limited,EQ,10-SEP-2015,10,1,INE455O01019,10
PERSISTENT,Persistent Systems Limited,EQ,06-APR-2010,10,1,INE262H01013,10
PETRONENGG,Petron Engineering Construction Limited,EQ,27-DEC-1995,10,1,INE742A01019,10
PETRONET,Petronet LNG Limited,EQ,26-MAR-2004,10,1,INE347G01014,10
PFC,Power Finance Corporation Limited,EQ,23-FEB-2007,10,1,INE134E01011,10
PFIZER,Pfizer Limited,EQ,28-APR-1999,10,1,INE182A01018,10
PFOCUS,Prime Focus Limited,EQ,20-JUN-2006,1,1,INE367G01038,1
PFS,PTC India Financial Services Limited,EQ,30-MAR-2011,10,1,INE560K01014,10
PGEL,PG Electroplast Limited,EQ,26-SEP-2011,10,1,INE457L01011,10
PGIL,Pearl Global Industries Limited,EQ,15-FEB-2007,10,1,INE940H01014,10
PHILIPCARB,Phillips Carbon Black Limited,EQ,29-MAR-1995,10,1,INE602A01015,10
PHOENIXLL,Phoenix Lamps Limited,EQ,12-JAN-2004,10,1,INE455B01016,10
PHOENIXLTD,The Phoenix Mills Limited,EQ,23-APR-2007,2,1,INE211B01039,2
PIDILITIND,Pidilite Industries Limited,EQ,29-MAR-1995,1,1,INE318A01026,1
PIIND,PI Industries Limited,EQ,15-JUN-2011,1,1,INE603J01030,1
PILANIINVS,Pilani Investment and Industries Corporation Limited,BE,08-DEC-2015,10,1,INE417C01014,10
PILITA,PIL ITALICA LIFESTYLE LIMITED,BE,07-OCT-2013,1,1,INE600A01035,1
PINCON,Pincon Spirit Limited,EQ,15-JUN-2016,10,1,INE675G01018,10
PIONDIST,Pioneer Distilleries Limited,EQ,15-JUN-2010,10,1,INE889E01010,10
PIONEEREMB,Pioneer Embroideries Limited,EQ,16-MAY-2006,10,1,INE156C01018,10
PIRPHYTO,Piramal Phytocare Limited,EQ,29-MAY-2008,10,1,INE122J01015,10
PITTILAM,Pitti Laminations Limited,EQ,02-FEB-2007,5,1,INE450D01021,5
PKTEA,The Peria Karamalai Tea & Produce Company Limited,EQ,19-AUG-2015,10,1,INE431F01018,10
PLASTIBLEN,Plastiblends India Limited,EQ,28-DEC-2006,5,1,INE083C01022,5
PNB,Punjab National Bank,EQ,24-APR-2002,2,1,INE160A01022,2
PNBGILTS,PNB Gilts Limited,EQ,18-SEP-2000,10,1,INE859A01011,10
PNBHOUSING,PNB Housing Finance Limited,EQ,07-NOV-2016,10,1,INE572E01012,10
PNC,Pritish Nandy Communications Limited,EQ,11-DEC-2000,10,1,INE392B01011,10
PNCINFRA,PNC Infratech Limited,EQ,26-MAY-2015,2,1,INE195J01029,2
POCHIRAJU,Pochiraju Industries Limited,EQ,09-FEB-2007,10,1,INE332G01032,10
POKARNA,Pokarna Limited,EQ,07-JUL-2016,10,1,INE637C01017,10
POLARIS,POLARIS CONSULTING & SERVICES LIMITED,EQ,24-NOV-1999,5,1,INE763A01023,5
POLYMED,Poly Medicure Limited,EQ,07-DEC-2011,5,1,INE205C01021,5
POLYPLEX,Polyplex Corporation Limited,EQ,11-APR-2003,10,1,INE633B01018,10
PONNIERODE,Ponni Sugars (Erode) Limited,EQ,16-APR-2002,10,1,INE838E01017,10
POWERGRID,Power Grid Corporation of India Limited,EQ,05-OCT-2007,10,1,INE752E01010,10
POWERMECH,Power Mech Projects Limited,EQ,26-AUG-2015,10,1,INE211R01019,10
PPAP,PPAP Automotive Limited,EQ,11-JAN-2008,10,1,INE095I01015,10
PRABHAT,Prabhat Dairy Limited,EQ,21-SEP-2015,10,1,INE302M01033,10
PRADIP,Pradip Overseas Limited,BE,05-APR-2010,10,1,INE495J01015,10
PRAENG,Prajay Engineers Syndicate Limited,EQ,02-JAN-2007,10,1,INE505C01016,10
PRAJIND,Praj Industries Limited,EQ,11-OCT-1995,2,1,INE074A01025,2
PRAKASH,Prakash Industries Limited,EQ,10-MAY-1995,10,1,INE603A01013,10
PRAKASHCON,Prakash Constrowell Limited,EQ,04-OCT-2011,1,1,INE023M01027,1
PRAKASHSTL,Prakash Steelage Limited,EQ,25-AUG-2010,1,1,INE696K01024,1
PRATIBHA,Pratibha Industries Limited,EQ,16-MAR-2006,2,1,INE308H01022,2
PRECAM,Precision Camshafts Limited,EQ,08-FEB-2016,10,1,INE484I01029,10
PRECOT,Precot Meridian Limited,EQ,19-AUG-2005,10,1,INE283A01014,10
PRECWIRE,Precision Wires India Limited,EQ,06-SEP-1995,5,1,INE372C01029,5
PREMIER,Premier Limited,EQ,03-APR-1996,10,1,INE342A01018,10
PREMIERPOL,Premier Polyfilm Limited,EQ,13-DEC-1995,5,1,INE309M01012,5
PRESSMN,Pressman Advertising Limited,EQ,05-JAN-2005,2,1,INE980A01023,2
PRESTIGE,Prestige Estates Projects Limited,EQ,27-OCT-2010,10,1,INE811K01011,10
PRICOLLTD,Pricol Limited,EQ,10-FEB-2017,1,1,INE726V01018,1
PRIMESECU,Prime Securities Limited,EQ,17-JUN-2005,5,1,INE032B01021,5
PRISMCEM,Prism Cement Limited,EQ,20-AUG-2003,10,1,INE010A01011,10
PROVOGE,Provogue (India) Limited,EQ,26-MAR-2012,1,1,INE968G01033,1
PROZONINTU,Prozone Intu Properties Limited,EQ,12-SEP-2012,2,1,INE195N01013,2
PSB,Punjab & Sind Bank,EQ,30-DEC-2010,10,1,INE608A01012,10
PSL,PSL Limited,EQ,29-MAY-2003,10,1,INE474B01017,10
PTC,PTC India Limited,EQ,07-APR-2004,10,1,INE877F01012,10
PTL,PTL Enterprises Limited,BE,29-JAN-2007,2,1,INE034D01031,2
PUNJLLOYD,Punj Lloyd Limited,EQ,06-JAN-2006,2,1,INE701B01021,2
PURVA,Puravankara Limited,EQ,30-AUG-2007,5,1,INE323I01011,5
PVP,PVP Ventures Limited,EQ,03-APR-1996,10,1,INE362A01016,10
PVR,PVR Limited,EQ,04-JAN-2006,10,1,INE191H01014,10
RADAAN,Radaan Mediaworks India Limited,EQ,27-FEB-2003,2,1,INE874F01027,2
RADICO,Radico Khaitan Limited,EQ,18-JUN-2003,2,1,INE944F01028,2
RADIOCITY,Music Broadcast Limited,EQ,17-MAR-2017,10,1,INE919I01016,10
RAIN,Rain Industries Limited,EQ,03-MAR-2008,2,1,INE855B01025,2
RAINBOWPAP,Rainbow Papers Limited,EQ,02-JUN-2010,2,1,INE028D01025,2
RAIREKMOH,Raisaheb Reckhchand Mohota Spinning & Weaving Mills Limited,EQ,10-APR-1996,10,100,INE313D01013,10
RAJESHEXPO,Rajesh Exports Limited,EQ,09-FEB-2000,1,1,INE343B01030,1
RAJOIL,Raj Oil Mills Limited,EQ,12-AUG-2009,10,1,INE294G01018,10
RAJRAYON,Raj Rayon Industries Limited,EQ,04-JAN-2007,1,1,INE533D01024,1
RAJSREESUG,Rajshree Sugars & Chemicals Limited,EQ,29-MAR-1995,10,1,INE562B01019,10
RAJTV,Raj Television Network Limited,EQ,16-MAR-2007,5,1,INE952H01027,5
RAJVIR,Rajvir Industries Limited,EQ,20-SEP-2005,10,1,INE011H01014,10
RALLIS,Rallis India Limited,EQ,01-APR-1999,1,1,INE613A01020,1
RAMANEWS,Shree Rama Newsprint Limited,EQ,20-SEP-2006,10,1,INE278B01020,10
RAMCOCEM,The Ramco Cements Limited,EQ,09-APR-1997,1,1,INE331A01037,1
RAMCOIND,Ramco Industries Limited,EQ,06-NOV-1996,1,1,INE614A01028,1
RAMCOSYS,Ramco Systems Limited,EQ,12-APR-2000,10,1,INE246B01019,10
RAMKY,Ramky Infrastructure Limited,EQ,08-OCT-2010,10,1,INE874I01013,10
RAMSARUP,Ramsarup Industries Limited,BE,09-JUL-2007,10,1,INE005D01015,10
RANASUG,Rana Sugars Limited,EQ,24-FEB-2005,10,1,INE625B01014,10
RANEENGINE,Rane Engine Valve Limited,EQ,24-JUN-2008,10,1,INE222J01013,10
RANEHOLDIN,Rane Holdings Limited,EQ,24-SEP-1997,10,1,INE384A01010,10
RASOYPR,Rasoya Proteins Limited,BE,12-DEC-2011,1,1,INE904G01038,1
RATNAMANI,Ratnamani Metals & Tubes Limited,EQ,09-MAY-2006,2,1,INE703B01027,2
RAYMOND,Raymond Limited,EQ,18-OCT-1995,10,1,INE301A01014,10
RBL,Rane Brake Lining Limited,EQ,20-JUN-2008,10,1,INE244J01017,10
RBLBANK,RBL Bank Limited,EQ,31-AUG-2016,10,1,INE976G01028,10
RCF,Rashtriya Chemicals and Fertilizers Limited,EQ,07-JAN-1998,10,1,INE027A01015,10
RCOM,Reliance Communications Limited,EQ,06-MAR-2006,5,1,INE330H01018,5
RDEL,Reliance Defence and Engineering Limited,EQ,09-OCT-2009,10,1,INE542F01012,10
RECLTD,Rural Electrification Corporation Limited,EQ,12-MAR-2008,10,1,INE020B01018,10
REDINGTON,Redington (India) Limited,EQ,15-FEB-2007,2,1,INE891D01026,2
REFEX,Refex Industries Limited,EQ,03-DEC-2009,10,1,INE056I01017,10
REGENCERAM,Regency Ceramics Limited,BE,08-NOV-2000,10,1,INE277C01012,10
REIAGROLTD,Rei Agro Limited,EQ,25-NOV-2008,1,1,INE385B01031,1
RELAXO,Relaxo Footwears Limited,EQ,17-JUN-2011,1,1,INE131B01039,1
RELCAPITAL,Reliance Capital Limited,EQ,29-NOV-1995,10,1,INE013A01015,10
RELIANCE,Reliance Industries Limited,EQ,29-NOV-1995,10,1,INE002A01018,10
RELIGARE,Religare Enterprises Limited,EQ,21-NOV-2007,10,1,INE621H01010,10
RELINFRA,Reliance Infrastructure Limited,EQ,08-FEB-1995,10,1,INE036A01016,10
REMSONSIND,Remsons Industries Limited,EQ,31-JAN-1996,10,1,INE474C01015,10
RENUKA,Shree Renuka Sugars Limited,EQ,31-OCT-2005,1,1,INE087H01022,1
REPCOHOME,Repco Home Finance Limited,EQ,01-APR-2013,10,1,INE612J01015,10
REPRO,Repro India Limited,EQ,22-DEC-2005,10,1,INE461B01014,10
RESPONIND,Responsive Industries Limited,EQ,29-OCT-2010,1,1,INE688D01026,1
REVATHI,Revathi Equipment Limited,EQ,11-AUG-2005,10,1,INE617A01013,10
RICOAUTO,Rico Auto Industries Limited,EQ,12-MAY-2003,1,1,INE209B01025,1
RIIL,Reliance Industrial Infrastructure Limited,EQ,29-NOV-1995,10,1,INE046A01015,10
RJL,Renaissance Jewellery Limited,EQ,12-DEC-2007,10,1,INE722H01016,10
RKDL,Ravi Kumar Distilleries Limited,EQ,27-DEC-2010,10,1,INE722J01012,10
RKFORGE,Ramkrishna Forgings Limited,EQ,05-MAY-2004,10,1,INE399G01015,10
RMCL,Radha Madhav Corporation Limited,BE,26-NOV-2007,10,1,INE172H01014,10
RML,Rane (Madras) Limited,EQ,30-AUG-2005,10,1,INE050H01012,10
ROHITFERRO,Rohit Ferro-Tech Limited,EQ,13-APR-2006,10,1,INE248H01012,10
ROHLTD,Royal Orchid Hotels Limited,EQ,06-FEB-2006,10,1,INE283H01019,10
ROLLT,Rollatainers Limited,EQ,22-NOV-2016,1,1,INE927A01040,1
ROLTA,Rolta India Limited,EQ,01-MAR-1995,10,1,INE293A01013,10
ROSSELLIND,Rossell India Limited,EQ,25-SEP-2012,2,1,INE847C01020,2
RPGLIFE,RPG Life Sciences Limited,EQ,10-JUN-2008,8,1,INE105J01010,8
RPOWER,Reliance Power Limited,EQ,11-FEB-2008,10,1,INE614G01033,10
RPPINFRA,R.P.P. Infra Projects Limited,EQ,06-DEC-2010,10,1,INE324L01013,10
RSWM,RSWM Limited,EQ,15-FEB-1995,10,1,INE611A01016,10
RSYSTEMS,R Systems International Limited,EQ,26-APR-2006,1,1,INE411H01032,1
RTNINFRA,RattanIndia Infrastructure Limited,EQ,30-JUL-2012,2,1,INE834M01019,2
RTNPOWER,RattanIndia Power Limited,EQ,30-OCT-2009,10,1,INE399K01017,10
RUBYMILLS,The Ruby Mills Limited,EQ,29-MAR-1995,5,1,INE301D01026,5
RUCHINFRA,Ruchi Infrastructure Limited,BE,12-JUL-2000,1,1,INE413B01023,1
RUCHIRA,Ruchira Papers Limited,EQ,20-DEC-2006,10,1,INE803H01014,10
RUCHISOYA,Ruchi Soya Industries Limited,EQ,02-JAN-2003,2,1,INE619A01027,2
RUPA,Rupa & Company Limited,EQ,07-DEC-2011,1,1,INE895B01021,1
RUSHIL,Rushil Decor Limited,EQ,07-JUL-2011,10,1,INE573K01017,10
SABTN,Sri Adhikari Brothers Television Network Limited,EQ,16-NOV-2007,10,1,INE416A01036,10
SADBHAV,Sadbhav Engineering Limited,EQ,01-MAR-2006,1,1,INE226H01026,1
SADBHIN,Sadbhav Infrastructure Project Limited,EQ,16-SEP-2015,10,1,INE764L01010,10
SAGCEM,Sagar Cements Limited,EQ,29-JAN-2007,10,1,INE229C01013,10
SAIL,Steel Authority of India Limited,EQ,06-JUL-1995,10,1,INE114A01011,10
SAKHTISUG,Sakthi Sugars Limited,EQ,06-SEP-1995,10,1,INE623A01011,10
SAKSOFT,Saksoft Limited,EQ,09-MAY-2005,10,1,INE667G01015,10
SAKUMA,Sakuma Exports Limited,EQ,08-MAR-2006,10,1,INE190H01016,10
SALORAINTL,Salora International Limited,EQ,15-FEB-1995,10,1,INE924A01013,10
SALSTEEL,S.A.L. Steel Limited,BE,24-NOV-2004,10,1,INE658G01014,10
SAMBHAAV,Sambhaav Media Limited,EQ,05-JUN-1996,1,1,INE699B01027,1
SAMTEL,Samtel Color Limited,EQ,23-FEB-2005,10,1,INE381A01016,10
SANCO,Sanco Industries Limited,BE,22-NOV-2016,10,1,INE782L01012,10
SANDESH,The Sandesh Limited,EQ,26-NOV-2002,10,1,INE583B01015,10
SANGAMIND,Sangam (India) Limited,EQ,17-JUL-1996,10,1,INE495C01010,10
SANGHIIND,Sanghi Industries Limited,EQ,10-MAY-1995,10,1,INE999B01013,10
SANGHVIFOR,Sanghvi Forging and Engineering Limited,EQ,23-MAY-2011,10,1,INE263L01013,10
SANGHVIMOV,Sanghvi Movers Limited,EQ,24-JAN-2007,2,1,INE989A01024,2
SANOFI,Sanofi India Limited,EQ,19-MAY-2003,10,1,INE058A01010,10
SANWARIA,Sanwaria Agro Oils Limited,EQ,27-MAR-2006,1,1,INE890C01046,1
SARDAEN,Sarda Energy & Minerals Limited,EQ,03-DEC-2009,10,1,INE385C01013,10
SAREGAMA,Saregama India Limited,EQ,30-JUL-1997,10,1,INE979A01017,10
SARLAPOLY,Sarla Performance Fibers Limited,EQ,19-JAN-2007,1,1,INE453D01025,1
SASKEN,Sasken Technologies Limited,EQ,09-SEP-2005,10,1,INE231F01020,10
SASTASUNDR,Sastasundar Ventures Limited,EQ,05-OCT-2010,10,1,INE019J01013,10
SATHAISPAT,Sathavahana Ispat Limited,EQ,27-DEC-2006,10,1,INE176C01016,10
SATIN,Satin Creditcare Network Limited,EQ,26-AUG-2015,10,1,INE836B01017,10
SBIN,State Bank of India,EQ,01-MAR-1995,1,1,INE062A01020,1
SCHNEIDER,Schneider Electric Infrastructure Limited,EQ,20-MAR-2012,2,1,INE839M01018,2
SCI,Shipping Corporation Of India Limited,EQ,13-AUG-1997,10,1,INE109A01011,10
SDBL,Som Distilleries & Breweries Limited,EQ,18-MAR-2014,10,1,INE480C01012,10
SEAMECLTD,Seamec Limited,EQ,28-JUN-1995,10,1,INE497B01018,10
SELAN,Selan Exploration Technology Limited,EQ,26-SEP-2006,10,1,INE818A01017,10
SELMCL,SEL Manufacturing Company Limited,EQ,21-AUG-2007,10,1,INE105I01012,10
SEPOWER,S.E. Power Limited,EQ,27-JUL-2012,10,1,INE735M01018,10
SEQUENT,Sequent Scientific Limited,EQ,10-MAR-2016,2,1,INE807F01027,2
SERVALL,Servalakshmi Paper Limited,EQ,12-MAY-2011,10,1,INE431L01016,10
SESHAPAPER,Seshasayee Paper and Boards Limited,EQ,29-MAR-1995,10,1,INE630A01016,10
SETCO,Setco Automotive Limited,EQ,01-JUL-2016,2,1,INE878E01021,2
SFL,Sheela Foam Limited,EQ,09-DEC-2016,5,1,INE916U01025,5
SGFL,Shree Ganesh Forgings Limited,BE,22-MAY-2007,10,1,INE883G01018,10
SGL,STL Global Limited,EQ,10-APR-2006,10,1,INE353H01010,10
SHAHALLOYS,Shah Alloys Limited,EQ,16-JUN-2005,10,1,INE640C01011,10
SHAKTIPUMP,Shakti Pumps (India) Limited,EQ,29-JAN-2015,10,1,INE908D01010,10
SHALPAINTS,Shalimar Paints Limited,EQ,03-MAR-2008,2,1,INE849C01026,2
SHANTIGEAR,Shanthi Gears Limited,EQ,17-JAN-1996,1,1,INE631A01022,1
SHARDACROP,Sharda Cropchem Limited,EQ,23-SEP-2014,10,1,INE221J01015,10
SHARONBIO,Sharon Bio-Medicine Limited,EQ,07-DEC-2011,2,1,INE028B01029,2
SHEMAROO,Shemaroo Entertainment Limited,EQ,01-OCT-2014,10,1,INE363M01019,10
SHILPAMED,Shilpa Medicare Limited,EQ,03-DEC-2009,1,1,INE790G01031,1
SHILPI,Shilpi Cable Technologies Limited,EQ,08-APR-2011,10,1,INE510K01019,10
SHIRPUR-G,Shirpur Gold Refinery Limited,EQ,21-MAR-2001,10,1,INE196B01016,10
SHIVAMAUTO,Shivam Autotech Limited,EQ,21-NOV-2006,2,1,INE637H01024,2
SHIVTEX,Shiva Texyarn Limited,EQ,18-OCT-1995,10,1,INE705C01012,10
SHK,S H Kelkar and Company Limited,EQ,16-NOV-2015,10,1,INE500L01026,10
SHOPERSTOP,Shoppers Stop Limited,EQ,23-MAY-2005,5,1,INE498B01024,5
SHREECEM,Shree Cements Limited,EQ,26-APR-1995,10,1,INE070A01015,10
SHREEPUSHK,Shree Pushkar Chemicals & Fertilisers Limited,EQ,10-SEP-2015,10,1,INE712K01011,10
SHREERAMA,Shree Rama Multi-Tech Limited,EQ,13-MAR-2000,5,1,INE879A01019,5
SHREYANIND,Shreyans Industries Limited,EQ,06-NOV-1996,10,1,INE231C01019,10
SHREYAS,Shreyas Shipping & Logistics Limited,EQ,01-MAR-1995,10,1,INE757B01015,10
SHRIRAMCIT,Shriram City Union Finance Limited,EQ,04-APR-2005,10,1,INE722A01011,10
SHRIRAMEPC,Shriram EPC Limited,EQ,20-FEB-2008,10,1,INE964H01014,10
SHYAMTEL,Shyam Telecom Limited,EQ,06-NOV-2006,10,1,INE635A01023,10
SICAGEN,Sicagen India Limited,EQ,21-AUG-2008,10,1,INE176J01011,10
SICAL,Sical Logistics Limited,EQ,28-APR-1999,10,1,INE075B01012,10
SIEMENS,Siemens Limited,EQ,06-SEP-1995,2,1,INE003A01024,2
SIL,Standard Industries Limited,BE,27-JAN-2004,5,1,INE173A01025,5
SILINV,SIL Investments Limited,EQ,22-MAY-1996,10,1,INE923A01015,10
SIMBHALS,Simbhaoli Sugars Limited,EQ,14-MAR-2016,10,1,INE748T01016,10
SIMPLEX,Simplex Projects Limited,BE,03-AUG-2007,10,1,INE898F01018,10
SIMPLEXINF,Simplex Infrastructures Limited,EQ,09-MAR-2004,2,1,INE059B01024,2
SINTEX,Sintex Industries Limited,EQ,05-NOV-1998,1,1,INE429C01035,1
SITASHREE,Sita Shree Food Products Limited,EQ,07-APR-2008,10,1,INE686I01011,10
SITINET,Siti Networks Limited,EQ,10-JAN-2007,1,1,INE965H01011,1
SIYSIL,Siyaram Silk Mills Limited,EQ,29-JAN-2007,10,1,INE076B01010,10
SJVN,SJVN Limited,EQ,20-MAY-2010,10,1,INE002L01015,10
SKFINDIA,SKF India Limited,EQ,27-JAN-1999,10,1,INE640A01023,10
SKIL,SKIL Infrastructure Limited,EQ,09-OCT-1996,10,1,INE429F01012,10
SKIPPER,Skipper Limited,EQ,27-MAY-2015,1,1,INE439E01022,1
SMARTLINK,Smartlink Network Systems Limited,EQ,11-APR-2001,2,1,INE178C01020,2
SMLISUZU,SML Isuzu Limited,EQ,29-AUG-2003,10,1,INE294B01019,10
SMPL,Splendid Metal Products Limited,EQ,09-MAR-2010,5,1,INE215G01021,5
SMSPHARMA,SMS Pharmaceuticals Limited,EQ,28-FEB-2007,1,1,INE812G01025,1
SNOWMAN,Snowman Logistics Limited,EQ,12-SEP-2014,10,1,INE734N01019,10
SOBHA,Sobha Limited,EQ,20-DEC-2006,10,1,INE671H01015,10
SOLARINDS,Solar Industries India Limited,EQ,03-APR-2006,2,1,INE343H01029,2
SOMANYCERA,Somany Ceramics Limited,EQ,22-NOV-1995,2,1,INE355A01028,2
SOMATEX,Soma Textiles & Industries Limited,BE,22-NOV-2000,10,1,INE314C01013,10
SONASTEER,Sona Koyo Steering Systems Limited,EQ,12-JAN-2004,1,1,INE643A01035,1
SONATSOFTW,Sonata Software Limited,EQ,28-JUL-1999,1,1,INE269A01021,1
SORILINFRA,SORIL Infra Resources Limited,EQ,06-DEC-2005,10,1,INE034H01016,10
SOTL,Savita Oil Technologies Limited,EQ,28-JUN-1995,10,1,INE035D01012,10
SOUTHBANK,The South Indian Bank Limited,EQ,08-DEC-1998,1,1,INE683A01023,1
SPAL,S. P. Apparels Limited,EQ,12-AUG-2016,10,1,INE212I01016,10
SPCENET,Spacenet Enterprises India Limited,EQ,10-JAN-2017,1,1,INE970N01027,1
SPECIALITY,Speciality Restaurants Limited,BE,30-MAY-2012,10,1,INE247M01014,10
SPENTEX,Spentex Industries Limited,EQ,20-DEC-2006,10,1,INE376C01020,10
SPHEREGSL,Sphere Global Services Limited,EQ,13-AUG-1997,10,1,INE737B01033,10
SPIC,Southern Petrochemicals Industries Corporation  Limited,EQ,10-JAN-1996,10,1,INE147A01011,10
SPICEMOBI,Spice Mobility Limited,EQ,27-MAY-2008,3,1,INE927C01020,3
SPLIL,SPL Industries Limited,EQ,26-JUL-2005,10,1,INE978G01016,10
SPMLINFRA,SPML Infra Limited,EQ,14-FEB-1996,2,1,INE937A01023,2
SPYL,Shekhawati Poly-Yarn Limited,EQ,12-JAN-2011,1,1,INE268L01020,1
SQSBFSI,SQS India BFSI Limited,EQ,26-OCT-2009,10,1,INE201K01015,10
SREEL,Sreeleathers Limited,EQ,01-JAN-2014,10,1,INE099F01013,10
SREINFRA,SREI Infrastructure Finance Limited,EQ,20-DEC-1995,10,1,INE872A01014,10
SRF,SRF Limited,EQ,18-AUG-2003,10,1,INE647A01010,10
SRHHYPOLTD,Sree Rayalaseema Hi-Strength Hypo Limited,EQ,08-MAY-2007,10,1,INE917H01012,10
SRIPIPES,Srikalahasthi Pipes Limited,EQ,28-AUG-2007,10,1,INE943C01027,10
SRSLTD,SRS Limited,EQ,16-SEP-2011,10,1,INE219H01039,10
SRTRANSFIN,Shriram Transport Finance Company Limited,EQ,11-DEC-1996,10,1,INE721A01013,10
SSWL,Steel Strips Wheels Limited,EQ,06-JUN-2005,10,1,INE802C01017,10
STAMPEDE,Stampede Capital Limited,EQ,25-JUL-2016,1,1,INE224E01028,1
STAR,Strides Shasun Limited,EQ,02-FEB-2000,10,1,INE939A01011,10
STARPAPER,Star Paper Mills Limited,EQ,13-SEP-1995,10,1,INE733A01018,10
STCINDIA,The State Trading Corporation of India Limited,EQ,01-APR-2003,10,1,INE655A01013,10
STEL,Stel Holdings Limited,EQ,09-FEB-2011,10,1,INE577L01016,10
STERLINBIO,Sterling Biotech Limited,EQ,12-MAY-2003,1,1,INE324C01038,1
STERTOOLS,Sterling Tools Limited,EQ,02-FEB-2006,2,1,INE334A01023,2
STINDIA,STI India Limited,EQ,06-DEC-1995,10,1,INE090C01019,10
STRTECH,Sterlite Technologies Limited,EQ,08-DEC-2000,2,1,INE089C01029,2
SUBEX,Subex Limited,EQ,05-SEP-2003,10,1,INE754A01014,10
SUBROS,Subros Limited,EQ,13-JUL-2005,2,1,INE287B01021,2
SUDARSCHEM,Sudarshan Chemical Industries Limited,EQ,25-MAY-1995,2,1,INE659A01023,2
SUJANAUNI,Sujana Universal Industries Limited,EQ,19-FEB-2008,10,1,INE216G01011,10
SUMEETINDS,Sumeet Industries Limited,EQ,10-DEC-2010,10,1,INE235C01010,10
SUNCLAYLTD,Sundaram Clayton Limited,EQ,23-OCT-2012,5,1,INE105A01035,5
SUNDARAM,Sundaram Multi Pap Limited,EQ,02-JUN-2010,1,1,INE108E01023,1
SUNDARMFIN,Sundaram Finance Limited,EQ,07-JAN-1998,10,1,INE660A01013,10
SUNDRMBRAK,Sundaram Brake Linings Limited,EQ,17-JUL-1996,10,1,INE073D01013,10
SUNDRMFAST,Sundram Fasteners Limited,EQ,07-JUN-2000,1,1,INE387A01021,1
SUNFLAG,Sunflag Iron And Steel Company Limited,EQ,29-SEP-2005,10,1,INE947A01014,10
SUNILHITEC,Sunil Hitech Engineers Limited,EQ,02-MAR-2006,1,1,INE305H01028,1
SUNPHARMA,Sun Pharmaceutical Industries Limited,EQ,08-FEB-1995,1,1,INE044A01036,1
SUNTECK,Sunteck Realty Limited,EQ,13-NOV-2009,2,1,INE805D01026,2
SUNTV,Sun TV Network Limited,EQ,24-APR-2006,5,1,INE424H01027,5
SUPERHOUSE,Superhouse Limited,EQ,26-SEP-2014,10,1,INE712B01010,10
SUPERSPIN,Super Spinning Mills Limited,EQ,08-JUL-2004,1,1,INE662A01027,1
SUPPETRO,Supreme Petrochem Limited,EQ,13-OCT-1999,10,1,INE663A01017,10
SUPRAJIT,Suprajit Engineering Limited,EQ,18-FEB-2005,1,1,INE399C01030,1
SUPREMEIND,Supreme Industries Limited,EQ,19-JUL-1995,2,1,INE195A01028,2
SUPREMEINF,Supreme Infrastructure India Limited,EQ,18-OCT-2007,10,1,INE550H01011,10
SUPREMETEX,Supreme Tex Mart Limited,EQ,14-MAR-2007,5,1,INE651G01027,5
SURANAIND,Surana Industries Limited,BE,28-DEC-2006,10,1,INE659D01019,10
SURANASOL,SURANA SOLAR LIMITED,EQ,07-JAN-2011,5,1,INE272L01022,5
SURANAT&P,Surana Telecom and Power Limited,EQ,22-MAY-2002,1,1,INE130B01031,1
SURYALAXMI,Suryalakshmi Cotton Mills Limited,EQ,15-JUN-2005,10,1,INE713B01026,10
SURYAROSNI,Surya Roshni Limited,EQ,10-MAY-1995,10,1,INE335A01012,10
SUTLEJTEX,Sutlej Textiles and Industries Limited,EQ,14-DEC-2006,10,1,INE645H01019,10
SUVEN,Suven Life Sciences Limited,EQ,23-OCT-2003,1,1,INE495B01038,1
SUZLON,Suzlon Energy Limited,EQ,19-OCT-2005,2,1,INE040H01021,2
SWANENERGY,Swan Energy Limited,EQ,29-MAY-2012,1,1,INE665A01038,1
SWARAJENG,Swaraj Engines Limited,EQ,06-DEC-1995,10,1,INE277A01016,10
SWELECTES,Swelect Energy Systems Limited,EQ,09-MAY-2006,10,1,INE409B01013,10
SYMPHONY,Symphony Limited,EQ,15-JUN-2011,2,1,INE225D01027,2
SYNCOM,Syncom Healthcare Limited,EQ,15-FEB-2010,10,1,INE602K01014,10
SYNDIBANK,Syndicate Bank,EQ,22-DEC-1999,10,1,INE667A01018,10
SYNGENE,Syngene International Limited,EQ,11-AUG-2015,10,1,INE398R01022,10
TAINWALCHM,Tainwala Chemical and Plastic (I) Limited,EQ,27-JUL-1995,10,1,INE123C01018,10
TAJGVK,Taj GVK Hotels & Resorts Limited,EQ,20-DEC-2000,2,1,INE586B01026,2
TAKE,Take Solutions Limited,EQ,27-AUG-2007,1,1,INE142I01023,1
TALBROAUTO,Talbros Automotive Components Limited,EQ,29-SEP-2006,10,1,INE187D01011,10
TALWALKARS,Talwalkars Better Value Fitness Limited,EQ,10-MAY-2010,10,1,INE502K01016,10
TANLA,Tanla Solutions Limited,EQ,05-JAN-2007,1,1,INE483C01032,1
TANTIACONS,Tantia Constructions Limited,BE,19-FEB-2008,10,1,INE388G01018,10
TARAJEWELS,Tara Jewels Limited,EQ,06-DEC-2012,10,1,INE799L01016,10
TARAPUR,Tarapur Transformers Limited,BE,18-MAY-2010,10,1,INE747K01017,10
TARMAT,Tarmat Limited,EQ,09-JUL-2007,10,1,INE924H01018,10
TATACHEM,Tata Chemicals Limited,EQ,01-APR-1999,10,1,INE092A01019,10
TATACHEM,Tata Chemicals Limited,IL,01-APR-1999,10,1,INE344201012,10
TATACOFFEE,Tata Coffee Limited,EQ,16-FEB-2000,1,1,INE493A01027,1
TATACOMM,Tata Communications Limited,EQ,12-APR-1995,10,1,INE151A01013,10
TATAELXSI,Tata Elxsi Limited,EQ,17-SEP-2003,10,1,INE670A01012,10
TATAGLOBAL,Tata Global Beverages Limited,EQ,18-NOV-1998,1,1,INE192A01025,1
TATAINVEST,Tata Investment Corporation Limited,EQ,24-JUN-1998,10,1,INE672A01018,10
TATAMETALI,Tata Metaliks Limited,EQ,27-MAY-2003,10,1,INE056C01010,10
TATAMOTORS,Tata Motors Limited,EQ,22-JUL-1998,2,1,INE155A01022,2
TATAMTRDVR,Tata Motors Limited,EQ,05-NOV-2008,2,1,IN9155A01020,2
TATAPOWER,Tata Power Company Limited,EQ,03-APR-1996,1,1,INE245A01021,1
TATASPONGE,Tata Sponge Iron Limited,EQ,24-FEB-2003,10,1,INE674A01014,10
TATASTEEL,Tata Steel Limited,EQ,18-NOV-1998,10,1,INE081A01012,10
TBZ,Tribhovandas Bhimji Zaveri Limited,EQ,09-MAY-2012,10,1,INE760L01018,10
TCI,Transport Corporation of India Limited,EQ,21-JAN-2002,2,1,INE688A01022,2
TCIDEVELOP,TCI Developers Limited,EQ,19-APR-2011,10,1,INE662L01016,10
TCIEXP,TCI Express Limited,EQ,15-DEC-2016,2,1,INE586V01016,2
TCIFINANCE,TCI Finance Limited,EQ,21-MAY-1997,10,1,INE911B01018,10
TCS,Tata Consultancy Services Limited,EQ,25-AUG-2004,1,1,INE467B01029,1
TDPOWERSYS,TD Power Systems Limited,EQ,08-SEP-2011,10,1,INE419M01019,10
TECHM,Tech Mahindra Limited,EQ,28-AUG-2006,5,1,INE669C01036,5
TECHNOFAB,Technofab Engineering Limited,EQ,16-JUL-2010,10,1,INE509K01011,10
TERASOFT,Tera Software Limited,EQ,29-DEC-2016,10,1,INE482B01010,10
TEXINFRA,Texmaco Infrastructure & Holdings Limited,EQ,09-SEP-2004,1,1,INE435C01024,1
TEXMOPIPES,Texmo Pipes and Products Limited,EQ,10-MAR-2010,10,1,INE141K01013,10
TEXRAIL,Texmaco Rail & Engineering Limited,EQ,03-MAR-2011,1,1,INE621L01012,1
TFCILTD,Tourism Finance Corporation of India Limited,EQ,26-JUL-2000,10,1,INE305A01015,10
TGBHOTELS,TGB BANQUETS AND HOTELS LIMITED,EQ,17-MAY-2007,10,1,INE797H01018,10
THANGAMAYL,Thangamayil Jewellery Limited,EQ,19-FEB-2010,10,1,INE085J01014,10
THEMISMED,Themis Medicare Limited,EQ,02-APR-2007,10,1,INE083B01016,10
THERMAX,Thermax Limited,EQ,30-AUG-1995,2,1,INE152A01029,2
THIRUSUGAR,Thiru Arooran Sugars Limited,EQ,02-MAY-1995,10,1,INE409A01015,10
THOMASCOOK,Thomas Cook  (India)  Limited,EQ,07-JUN-2000,1,1,INE332A01027,1
THOMASCOTT,Thomas Scott (India) Limited,BE,30-JAN-2012,10,1,INE480M01011,10
THYROCARE,Thyrocare Technologies Limited,EQ,09-MAY-2016,10,1,INE594H01019,10
TI,Tilaknagar Industries Limited,EQ,16-JUL-2010,10,1,INE133E01013,10
TIDEWATER,Tide Water Oil Company (India) Limited,EQ,16-JAN-2007,5,1,INE484C01022,5
TIIL,Technocraft Industries (India) Limited,EQ,12-FEB-2007,10,1,INE545H01011,10
TIJARIA,Tijaria Polypipes Limited,EQ,14-OCT-2011,10,1,INE440L01017,10
TIL,TIL Limited,EQ,27-SEP-1995,10,1,INE806C01018,10
TIMESGTY,Times Guaranty Limited,BE,15-SEP-2003,10,1,INE289C01025,10
TIMETECHNO,Time Technoplast Limited,EQ,13-JUN-2007,1,1,INE508G01029,1
TIMKEN,Timken India Limited,EQ,06-FEB-2007,10,1,INE325A01013,10
TINPLATE,The Tinplate Company of India Limited,EQ,27-JAN-2006,10,1,INE422C01014,10
TIPSINDLTD,TIPS Industries Limited,EQ,10-NOV-2000,10,1,INE716B01011,10
TIRUMALCHM,Thirumalai Chemicals Limited,EQ,14-MAY-2003,10,1,INE338A01016,10
TITAN,Titan Company Limited,EQ,24-SEP-2004,1,1,INE280A01028,1
TMRVL,The Mandhana Retail Ventures Limited,EQ,14-DEC-2016,10,1,INE759V01019,10
TNPETRO,Tamilnadu PetroProducts Limited,EQ,27-OCT-1999,10,1,INE148A01019,10
TNPL,Tamil Nadu Newsprint & Papers Limited,EQ,14-FEB-1996,10,1,INE107A01015,10
TNTELE,Tamilnadu Telecommunication Limited,BE,04-FEB-2003,10,1,INE141D01018,10
TOKYOPLAST,Tokyo Plast International Limited,EQ,11-OCT-1995,10,1,INE932C01012,10
TORNTPHARM,Torrent Pharmaceuticals Limited,EQ,25-NOV-2002,5,1,INE685A01028,5
TORNTPOWER,Torrent Power Limited,EQ,28-NOV-2006,10,1,INE813H01021,10
TREEHOUSE,Tree House Education & Accessories Limited,EQ,26-AUG-2011,10,1,INE040M01013,10
TRENT,Trent Limited,EQ,07-JUN-2004,1,1,INE849A01020,1
TRF,TRF Limited,EQ,26-MAR-2010,10,1,INE391D01019,10
TRIDENT,Trident Limited,EQ,21-FEB-2001,10,1,INE064C01014,10
TRIGYN,Trigyn Technologies Limited,EQ,09-APR-1998,10,1,INE948A01012,10
TRIL,Transformers And Rectifiers (India) Limited,EQ,28-DEC-2007,10,1,INE763I01018,10
TRITURBINE,Triveni Turbine Limited,EQ,28-OCT-2011,1,1,INE152M01016,1
TRIVENI,Triveni Engineering & Industries Limited,EQ,13-DEC-2005,1,1,INE256C01024,1
TTKPRESTIG,TTK Prestige Limited,EQ,22-DEC-1999,10,1,INE690A01010,10
TTL,T T Limited,EQ,22-FEB-2007,10,1,INE592B01016,10
TTML,Tata Teleservices (Maharashtra) Limited,EQ,20-OCT-2000,10,1,INE517B01013,10
TUBEINVEST,Tube Investments of India Limited,EQ,10-MAY-1995,2,1,INE149A01025,2
TULSI,Tulsi Extrusions Limited,EQ,25-FEB-2008,10,1,INE474I01012,10
TV18BRDCST,TV18 Broadcast Limited,EQ,08-FEB-2007,2,1,INE886H01027,2
TVSELECT,TVS Electronics Limited,EQ,26-DEC-2003,10,1,INE236G01019,10
TVSMOTOR,TVS Motor Company Limited,EQ,02-AUG-2000,1,1,INE494B01023,1
TVSSRICHAK,TVS Srichakra Limited,EQ,13-FEB-2007,10,1,INE421C01016,10
TVTODAY,TV Today Network Limited,EQ,16-JAN-2004,5,1,INE038F01029,5
TVVISION,TV Vision Limited,EQ,15-SEP-2016,10,1,INE871L01013,10
TWL,Titagarh Wagons Limited,EQ,21-APR-2008,2,1,INE615H01020,2
UBHOLDINGS,United Breweries (Holdings) Limited,EQ,21-MAY-2008,10,1,INE696A01025,10
UBL,United Breweries Limited,EQ,28-JUL-2008,1,1,INE686F01025,1
UCALFUEL,Ucal Fuel Systems Limited,EQ,13-SEP-1995,10,1,INE139B01016,10
UCOBANK,UCO Bank,EQ,09-OCT-2003,10,1,INE691A01018,10
UFLEX,UFLEX Limited,EQ,23-AUG-1995,10,1,INE516A01017,10
UFO,UFO Moviez India Limited,EQ,14-MAY-2015,10,1,INE527H01019,10
UGARSUGAR,The Ugar Sugar Works Limited,EQ,23-AUG-2010,1,1,INE071E01023,1
UJAAS,Ujaas Energy Limited,EQ,20-OCT-2011,1,1,INE899L01022,1
UJJIVAN,UJJIVAN FINANCIAL SERVICES LIMITED,EQ,10-MAY-2016,10,1,INE334L01012,10
UJJIVAN,UJJIVAN FINANCIAL SERVICES LIMITED,IL,10-MAY-2016,10,1,INE334L01012,10
ULTRACEMCO,UltraTech Cement Limited,EQ,24-AUG-2004,10,1,INE481G01011,10
UMESLTD,Usha Martin Education & Solutions Limited,EQ,12-JUL-2010,1,1,INE240C01028,1
UNICHEMLAB,Unichem Laboratories Limited,EQ,07-FEB-2001,2,1,INE351A01035,2
UNIENTER,Uniphos Enterprises Limited,EQ,23-JAN-2004,2,1,INE037A01022,2
UNIONBANK,Union Bank of India,EQ,24-SEP-2002,10,1,INE692A01016,10
UNIPLY,Uniply Industries Limited,BE,08-MAR-2007,10,1,INE950G01015,10
UNITECH,Unitech Limited,EQ,08-SEP-1999,2,1,INE694A01020,2
UNITEDBNK,United Bank of India,EQ,18-MAR-2010,10,1,INE695A01019,10
UNITEDTEA,The United Nilgiri Tea Estates Company Limited,EQ,28-JAN-2015,10,1,INE458F01011,10
UNITY,Unity Infraprojects Limited,EQ,12-JUN-2006,2,1,INE466H01028,2
UNIVCABLES,Universal Cables Limited,EQ,17-MAY-1995,10,1,INE279A01012,10
UPL,UPL Limited,EQ,23-JAN-2004,2,1,INE628A01036,2
USHAMART,Usha Martin Limited,EQ,11-OCT-2000,1,1,INE228A01035,1
USHERAGRO,Usher Agro Limited,BE,30-JUL-2010,10,1,INE235G01011,10
UTTAMSTL,Uttam Galva Steels Limited,EQ,25-MAY-1995,10,1,INE699A01011,10
UTTAMSUGAR,Uttam Sugar Mills Limited,EQ,10-APR-2006,10,1,INE786F01031,10
V2RETAIL,V2 Retail Limited,EQ,04-JUL-2007,10,1,INE945H01013,10
VADILALIND,Vadilal Industries Limited,EQ,15-JUN-2011,10,1,INE694D01016,10
VAIBHAVGBL,Vaibhav Global Limited,BE,05-APR-2004,10,1,INE884A01019,10
VAKRANGEE,VAKRANGEE LIMITED,EQ,03-APR-2006,1,1,INE051B01021,1
VALUEIND,Value Industries Limited,EQ,31-JUL-1996,10,1,INE352A01017,10
VARDHACRLC,Vardhman Acrylics Limited,EQ,30-SEP-2003,10,1,INE116G01013,10
VARDMNPOLY,Vardhman Polytex Limited,EQ,12-MAY-2003,10,1,INE835A01011,10
VASWANI,Vaswani Industries Limited,EQ,20-SEP-2011,10,1,INE590L01019,10
VBL,Varun Beverages Limited,EQ,08-NOV-2016,10,1,INE200M01013,10
VEDL,Vedanta Limited,EQ,13-MAY-1998,1,1,INE205A01025,1
VENKEYS,Venky's (India) Limited,EQ,28-JUL-2003,10,1,INE398A01010,10
VENUSREM,Venus Remedies Limited,EQ,20-DEC-2006,10,1,INE411B01019,10
VESUVIUS,Vesuvius India Limited,EQ,04-OCT-2002,10,1,INE386A01015,10
VETO,Veto Switchgears And Cables Limited,EQ,29-APR-2015,10,1,INE918N01018,10
VGUARD,V-Guard Industries Limited,EQ,13-MAR-2008,1,1,INE951I01027,1
VHL,Vardhman Holdings Limited,EQ,30-JUN-2005,10,1,INE701A01023,10
VICEROY,Viceroy Hotels Limited,EQ,21-AUG-2007,10,1,INE048C01017,10
VIDEOIND,Videocon Industries Limited,EQ,31-JUL-1996,10,1,INE703A01011,10
VIDHIING,Vidhi Specialty Food Ingredients Limited,EQ,02-MAR-2016,1,1,INE632C01026,1
VIJAYABANK,Vijaya Bank,EQ,10-JAN-2001,10,1,INE705A01016,10
VIJSHAN,Vijay Shanthi Builders Limited,EQ,21-MAY-2008,10,1,INE806F01011,10
VIKASECO,Vikas EcoTech Limited,EQ,12-DEC-2011,1,1,INE806A01020,1
VIMALOIL,Vimal Oil & Foods Limited,EQ,21-MAY-2013,10,1,INE067D01015,10
VIMTALABS,Vimta Labs Limited,EQ,15-DEC-2005,2,1,INE579C01029,2
VINATIORGA,Vinati Organics Limited,EQ,28-JUL-2009,2,1,INE410B01029,2
VINDHYATEL,Vindhya Telelinks Limited,EQ,08-FEB-1995,10,1,INE707A01012,10
VINYLINDIA,Vinyl Chemicals (India) Limited,EQ,21-JUL-2008,1,1,INE250B01029,1
VIPCLOTHNG,VIP CLOTHING LIMITED,EQ,06-AUG-2007,2,1,INE450G01024,2
VIPIND,VIP Industries Limited,EQ,02-MAR-2005,2,1,INE054A01027,2
VISAKAIND,Visaka Industries Limited,EQ,28-AUG-1996,10,1,INE392A01013,10
VISASTEEL,Visa Steel Limited,EQ,17-MAR-2006,10,1,INE286H01012,10
VISHNU,Vishnu Chemicals Limited,EQ,05-MAR-2015,10,1,INE270I01014,10
VISUINTL,Visu International Limited,EQ,29-DEC-2006,10,1,INE965A01016,10
VIVIDHA,Visagar Polytex Limited,EQ,21-MAY-2013,1,1,INE370E01029,1
VIVIMEDLAB,Vivimed Labs Limited,EQ,17-AUG-2005,2,1,INE526G01021,2
VLSFINANCE,VLS Finance Limited,EQ,25-MAY-1995,10,1,INE709A01018,10
VMART,V-Mart Retail Limited,EQ,20-FEB-2013,10,1,INE665J01013,10
VOLTAMP,Voltamp Transformers Limited,EQ,20-SEP-2006,10,1,INE540H01012,10
VOLTAMP,Voltamp Transformers Limited,IL,20-SEP-2006,10,1,INE540H01012,10
VOLTAS,Voltas Limited,EQ,12-APR-1995,1,1,INE226A01021,1
VRLLOG,VRL Logistics Limited,EQ,30-APR-2015,10,1,INE366I01010,10
VSSL,Vardhman Special Steels Limited,EQ,17-MAY-2012,10,1,INE050M01012,10
VSTIND,VST Industries Limited,EQ,05-SEP-2003,10,1,INE710A01016,10
VSTTILLERS,V.S.T Tillers Tractors Limited,EQ,20-JUN-2011,10,1,INE764D01017,10
VTL,Vardhman Textiles Limited,EQ,14-JAN-2003,10,1,INE825A01012,10
WABAG,VA Tech Wabag Limited,EQ,13-OCT-2010,2,1,INE956G01038,2
WABCOINDIA,WABCO India Limited,EQ,01-OCT-2008,5,1,INE342J01019,5
WALCHANNAG,Walchandnagar Industries Limited,EQ,18-SEP-1996,2,1,INE711A01022,2
WANBURY,Wanbury Limited,BE,29-JAN-2007,10,1,INE107F01022,10
WEBELSOLAR,Websol Energy System Limited,EQ,15-MAY-2007,10,1,INE855C01015,10
WEIZFOREX,Weizmann Forex Limited,EQ,28-JUN-2011,10,1,INE726L01019,10
WEIZMANIND,Weizmann Limited,EQ,10-MAY-1995,10,1,INE080A01014,10
WELCORP,Welspun Corp Limited,EQ,24-MAY-2005,5,1,INE191B01025,5
WELENT,Welspun Enterprises Limited,EQ,04-NOV-2004,10,1,INE625G01013,10
WELINV,Welspun Investments and Commercials Limited,EQ,20-SEP-2010,10,1,INE389K01018,10
WELSPUNIND,Welspun India Limited,EQ,04-DEC-2003,1,1,INE192B01031,1
WENDT,Wendt (India) Limited,EQ,07-AUG-2006,10,1,INE274C01019,10
WHEELS,Wheels India Limited,EQ,07-APR-2000,10,1,INE715A01015,10
WHIRLPOOL,Whirlpool of India Limited,EQ,06-APR-2010,10,1,INE716A01013,10
WINDMACHIN,Windsor Machines Limited,EQ,17-AUG-2011,2,1,INE052A01021,2
WINSOME,Winsome Yarns Limited,EQ,25-AUG-2011,10,1,INE784B01035,10
WIPRO,Wipro Limited,EQ,08-NOV-1995,2,1,INE075A01022,2
WOCKPHARMA,Wockhardt Limited,EQ,23-FEB-2000,5,1,INE049B01025,5
WONDERLA,Wonderla Holidays Limited,EQ,09-MAY-2014,10,1,INE066O01014,10
WSI,W S Industries (I) Limited,EQ,01-AUG-2007,10,1,INE100D01014,10
WSTCSTPAPR,West Coast Paper Mills Limited,EQ,17-JAN-2001,2,1,INE976A01021,2
XCHANGING,Xchanging Solutions Limited,EQ,09-MAR-2005,10,1,INE692G01013,10
XLENERGY,XL Energy Limited,EQ,28-DEC-2006,10,1,INE183H01011,10
XPROINDIA,Xpro India Limited,EQ,27-APR-2004,10,1,INE445C01015,10
YESBANK,Yes Bank Limited,EQ,12-JUL-2005,10,1,INE528G01019,10
ZANDUREALT,Zandu Realty Limited,EQ,03-FEB-1999,100,1,INE719A01017,100
ZEEL,Zee Entertainment Enterprises Limited,EQ,09-SEP-1998,1,1,INE256A01028,1
ZEELEARN,Zee Learn Limited,EQ,20-DEC-2010,1,1,INE565L01011,1
ZEEMEDIA,Zee Media Corporation Limited,EQ,10-JAN-2007,1,1,INE966H01019,1
ZENITHBIR,Zenith Birla (India) Limited,EQ,30-APR-2007,10,1,INE318D01020,10
ZENITHEXPO,Zenith Exports Limited,EQ,10-JUL-1996,10,1,INE058B01018,10
ZENSARTECH,Zensar Technologies Limited,EQ,09-JUL-2003,10,1,INE520A01019,10
ZENTEC,Zen Technologies Limited,EQ,30-MAR-2015,1,1,INE251B01027,1
ZICOM,Zicom Electronic Security Systems Limited,EQ,18-APR-2006,10,1,INE871B01014,10
ZODIACLOTH,Zodiac Clothing Company Limited,EQ,27-SEP-1995,10,1,INE206B01013,10
ZODJRDMKJ,Zodiac JRD- MKJ Limited,EQ,19-JUL-1995,10,1,INE077B01018,10
ZUARI,Zuari Agro Chemicals Limited,EQ,27-NOV-2012,10,1,INE840M01016,10
ZUARIGLOB,ZUARI GLOBAL LIMITED,EQ,12-APR-1995,10,1,INE217A01012,10
ZYDUSWELL,Zydus Wellness Limited,EQ,13-NOV-2009,10,1,INE768C01010,10
ZYLOG,Zylog Systems Limited,EQ,17-AUG-2007,5,1,INE225I01026,5
